OrderNumber,OrderDate,CustomerCode,CustomerName,Customer Type,CurrencyCode,WarehouseCode,DeliveryName,DeliveryStreetAddress,DeliveryStreetAddress2,DeliverySuburb,DeliveryCity,DeliveryRegion,DeliveryCountry,DeliveryPostCode,DeliveryMethod,ExchangeRate,TaxRate,OrderStatus,RequiredDate,QuoteExpiryDate,CompletedDate,LastModifiedOn,SubTotal,TaxTotal,Total,CustomerRef,Order Comments,ProductCode,ProductDescription,OrderQuantity,UnitPrice,DiscountedUnitPrice,DiscountRate,AverageLandedPriceAtTimeOfSale,Volume,LineTax,LineTotal,Line Comments,Charge
SO-00000001,23/03/2017,BENEMP,Ben's Emporium,On Account,NZD,MAIN,,,,,,,,,,1,0.15,Completed,23/03/2017,,23/03/2017 6:15:47 a.m.,23/03/2017 6:15:47 a.m.,49.95,7.49,57.44,,,NAIL-L,Large Nails,1,25,25,0,9.72707142857143,,3.75,25,,FALSE
SO-00000001,23/03/2017,BENEMP,Ben's Emporium,On Account,NZD,MAIN,,,,,,,,,,1,0.15,Completed,23/03/2017,,23/03/2017 6:15:47 a.m.,23/03/2017 6:15:47 a.m.,49.95,7.49,57.44,,,DININGCHAIR,Dining Chair,1,24.95,24.95,0,12.4539160839161,,3.74,24.95,,FALSE
SO-00000002,28/03/2017,SIREEN,The House of Sireen,Cash,GBP,MAIN,,,,,,,,,,0.4444,0.15,Completed,28/03/2017,,28/03/2017 6:15:47 a.m.,28/03/2017 6:15:47 a.m.,99.99,15,114.99,,,DINING, Dining Table,1,99.99,99.99,0,40.4293893129771,,15,99.99,,FALSE
SO-00000003,04/04/2017,WADE,Wade's Apparel & Accessories,Cash,NZD,MAIN,,,,,,,,,,1,0.15,Completed,04/04/2017,,04/04/2017 6:15:47 a.m.,04/04/2017 6:15:47 a.m.,50,7.5,57.5,,,NAIL-M,Medium Nails,2,25,25,0,9.1244139941691,,7.5,50,,FALSE
SO-00000004,17/04/2017,EMWAR,Emmanuel's Discount Warehouse,Wholesale,USD,MAIN,,,,,,,,,,0.6725,0,Completed,17/04/2017,,17/04/2017 6:15:47 a.m.,17/04/2017 6:15:47 a.m.,99.99,0,99.99,,,DINING, Dining Table,1,99.99,99.99,0,40.4293908045977,,0,99.99,,FALSE
SO-00000005,25/04/2017,JUNIOR,The Junior Store,On Account,USD,HQ,,,,,,,,,,0.6725,0,Completed,25/04/2017,,25/04/2017 6:15:47 a.m.,25/04/2017 6:15:47 a.m.,1049,0,1049,,,NAIL-M,Medium Nails,2,25,25,0,9.12441348973607,,0,50,,FALSE
SO-00000005,25/04/2017,JUNIOR,The Junior Store,On Account,USD,HQ,,,,,,,,,,0.6725,0,Completed,25/04/2017,,25/04/2017 6:15:47 a.m.,25/04/2017 6:15:47 a.m.,1049,0,1049,,,CHAIR,Lounge Chair,1,999,999,0,489.123,,0,999,,FALSE
SO-00000006,10/05/2017,BENEMP,Ben's Emporium,On Account,NZD,MAIN,,,,,,,,,,1,0.15,Completed,10/05/2017,,10/05/2017 6:15:47 a.m.,10/05/2017 6:15:47 a.m.,185,27.75,212.75,,,COUCH3,3-Seater Couch,1,185,185,0,67.8,,27.75,185,,FALSE
SO-00000007,17/05/2017,PTECH,PivacTech,On Account,GBP,MAIN,,,,,,,,,,0.4444,0.15,Completed,17/05/2017,,17/05/2017 6:15:47 a.m.,17/05/2017 6:15:47 a.m.,295,44.25,339.25,,,STAIN,Dark Wood Stain,2,147.5,147.5,0,80.8223005780347,,44.25,295,,FALSE
SO-00000008,21/07/2017,FRANCK,Franck & Co.,Cash,USD,MAIN,,,,,,,,,,0.6725,0.15,Completed,21/07/2017,,21/07/2017 6:15:47 a.m.,21/07/2017 6:15:47 a.m.,9.98,1.5,11.48,,,SCREWS,Box of Screws,2,4.99,4.99,0,0,,1.5,9.98,,FALSE
SO-00000009,23/07/2017,GBRO,Griffin Brothers Fabrication Ltd.,Wholesale,AUD,MAIN,,,,,,,,,,0.9492,0.15,Completed,23/07/2017,,23/07/2017 6:15:47 a.m.,23/07/2017 6:15:47 a.m.,120,18,138,,,COUCH2,2-Seater Couch,10,12,12,0,8.5,,18,120,,FALSE
SO-00000010,30/07/2017,GAR123,Garrick Inc.,Cash,AUD,MAIN,,,,,,,,,,0.9492,0.15,Completed,30/07/2017,,30/07/2017 6:15:47 a.m.,30/07/2017 6:15:47 a.m.,750,112.5,862.5,,,NAIL-S,Small Nails,10,25,25,0,9.44188059701493,,37.5,250,,FALSE
SO-00000010,30/07/2017,GAR123,Garrick Inc.,Cash,AUD,MAIN,,,,,,,,,,0.9492,0.15,Completed,30/07/2017,,30/07/2017 6:15:47 a.m.,30/07/2017 6:15:47 a.m.,750,112.5,862.5,,,NAIL-M,Medium Nails,10,25,25,0,9.12441297935103,,37.5,250,,FALSE
SO-00000010,30/07/2017,GAR123,Garrick Inc.,Cash,AUD,MAIN,,,,,,,,,,0.9492,0.15,Completed,30/07/2017,,30/07/2017 6:15:47 a.m.,30/07/2017 6:15:47 a.m.,750,112.5,862.5,,,NAIL-L,Large Nails,10,25,25,0,9.72707174887892,,37.5,250,,FALSE
SO-00000011,06/08/2017,LMH001,LMH Industries,Wholesale,NZD,MAIN,,,,,,,,,,1,0,Completed,06/08/2017,,06/08/2017 6:15:47 a.m.,06/08/2017 6:15:47 a.m.,124.94,0,124.94,,,DININGCHAIR,Dining Chair,1,24.95,24.95,0,12.4539157894737,,0,24.95,,FALSE
SO-00000011,06/08/2017,LMH001,LMH Industries,Wholesale,NZD,MAIN,,,,,,,,,,1,0,Completed,06/08/2017,,06/08/2017 6:15:47 a.m.,06/08/2017 6:15:47 a.m.,124.94,0,124.94,,,DINING, Dining Table,1,99.99,99.99,0,40.4293923076923,,0,99.99,,FALSE
SO-00000012,11/08/2017,MATSUP,Matt's Supplies Ltd.,On Account,AUD,MAIN,,,,,,,,,,0.9492,0.15,Completed,11/08/2017,,11/08/2017 6:15:47 a.m.,11/08/2017 6:15:47 a.m.,1699,254.85,1953.85,,,SIDE,Bookshelf Side,1,1699,1699,0,804.390197916667,,254.85,1699,,FALSE
SO-00000013,20/08/2017,PTECH,PivacTech,On Account,GBP,MAIN,,,,,,,,,,0.4444,0.15,Completed,20/08/2017,,20/08/2017 6:15:47 a.m.,20/08/2017 6:15:47 a.m.,1798.8,269.82,2068.62,,,GLUE,Furniture Assembly Glue,120,14.99,14.99,0,9.99,,269.82,1798.8,,FALSE
SO-00000014,29/08/2017,EMWAR,Emmanuel's Discount Warehouse,Wholesale,USD,MAIN,,,,,,,,,,0.6725,0,Completed,29/08/2017,,29/08/2017 6:15:47 a.m.,29/08/2017 6:15:47 a.m.,370,0,370,,,COUCH3,3-Seater Couch,2,185,185,0,67.8,,0,370,,FALSE
SO-00000015,04/09/2017,FRANCK,Franck & Co.,Cash,USD,MAIN,,,,,,,,,,0.6725,0.15,Completed,04/09/2017,,04/09/2017 6:15:47 a.m.,04/09/2017 6:15:47 a.m.,204.95,30.74,235.69,,,SCREWS,Box of Screws,5,4.99,4.99,0,0,,3.74,24.95,,FALSE
SO-00000015,04/09/2017,FRANCK,Franck & Co.,Cash,USD,MAIN,,,,,,,,,,0.6725,0.15,Completed,04/09/2017,,04/09/2017 6:15:47 a.m.,04/09/2017 6:15:47 a.m.,204.95,30.74,235.69,,,COUCH2,2-Seater Couch,15,12,12,0,8.5,,27,180,,FALSE
SO-00000016,05/09/2017,SIREEN,The House of Sireen,Cash,GBP,MAIN,,,,,,,,,,0.4444,0.15,Completed,05/09/2017,,05/09/2017 6:15:47 a.m.,05/09/2017 6:15:47 a.m.,399.96,59.99,459.95,,,DINING, Dining Table,4,99.99,99.99,0,40.4293938223938,,59.99,399.96,,FALSE
SO-00000017,10/09/2017,BENEMP,Ben's Emporium,On Account,NZD,MAIN,,,,,,,,,,1,0.15,Completed,10/09/2017,,10/09/2017 6:15:47 a.m.,10/09/2017 6:15:47 a.m.,999,149.85,1148.85,,,CHAIR,Lounge Chair,1,999,999,0,489.123,,149.85,999,,FALSE
SO-00000018,20/09/2017,GBRO,Griffin Brothers Fabrication Ltd.,Wholesale,AUD,MAIN,,,,,,,,,,0.9492,0.15,Completed,20/09/2017,,20/09/2017 6:15:47 a.m.,20/09/2017 6:15:47 a.m.,740,111,851,,,COUCH3,3-Seater Couch,4,185,185,0,67.8,,111,740,,FALSE
SO-00000019,28/09/2017,PTECH,PivacTech,On Account,GBP,MAIN,,,,,,,,,,0.4444,0.15,Completed,28/09/2017,,28/09/2017 6:15:47 a.m.,28/09/2017 6:15:47 a.m.,125,18.75,143.75,,,NAIL-M,Medium Nails,5,25,25,0,9.12441337386018,,18.75,125,,FALSE
SO-00000020,06/10/2017,JUNIOR,The Junior Store,On Account,USD,MAIN,,,,,,,,,,0.6725,0,Completed,06/10/2017,,06/10/2017 6:15:47 a.m.,06/10/2017 6:15:47 a.m.,2499.99,0,2499.99,,,BOOKSHELF,Wooden Bookshelf,1,2499.99,2499.99,0,1771.08287155963,,0,2499.99,,FALSE
SO-00000021,19/10/2017,LMH001,LMH Industries,Wholesale,NZD,MAIN,,,,,,,,,,1,0,Completed,19/10/2017,,19/10/2017 6:15:47 a.m.,19/10/2017 6:15:47 a.m.,4450.25,0,4450.25,,,COUCH2,2-Seater Couch,15,12,12,0,8.5,,0,180,,FALSE
SO-00000021,19/10/2017,LMH001,LMH Industries,Wholesale,NZD,MAIN,,,,,,,,,,1,0,Completed,19/10/2017,,19/10/2017 6:15:47 a.m.,19/10/2017 6:15:47 a.m.,4450.25,0,4450.25,,,SHELF,Bookshelf Shelf,25,124.95,124.95,0,86.3,,0,3123.75,,FALSE
SO-00000021,19/10/2017,LMH001,LMH Industries,Wholesale,NZD,MAIN,,,,,,,,,,1,0,Completed,19/10/2017,,19/10/2017 6:15:47 a.m.,19/10/2017 6:15:47 a.m.,4450.25,0,4450.25,,,STAIN,Dark Wood Stain,1,147.5,147.5,0,80.822298245614,,0,147.5,,FALSE
SO-00000021,19/10/2017,LMH001,LMH Industries,Wholesale,NZD,MAIN,,,,,,,,,,1,0,Completed,19/10/2017,,19/10/2017 6:15:47 a.m.,19/10/2017 6:15:47 a.m.,4450.25,0,4450.25,,,CHAIR,Lounge Chair,1,999,999,0,489.123,,0,999,,FALSE
SO-00000022,27/10/2017,MATSUP,Matt's Supplies Ltd.,On Account,AUD,MAIN,,,,,,,,,,0.9492,0.15,Completed,27/10/2017,,27/10/2017 6:15:47 a.m.,27/10/2017 6:15:47 a.m.,99.8,14.97,114.77,,,DININGCHAIR,Dining Chair,4,24.95,24.95,0,12.4539154929578,,14.97,99.8,,FALSE
SO-00000023,27/10/2017,EMWAR,Emmanuel's Discount Warehouse,Wholesale,USD,MAIN,,,,,,,,,,0.6725,0,Completed,27/10/2017,,27/10/2017 6:15:47 a.m.,27/10/2017 6:15:47 a.m.,199.98,0,199.98,,,DINING, Dining Table,2,99.99,99.99,0,40.4293921568628,,0,199.98,,FALSE
SO-00000024,30/10/2017,WADE,Wade's Apparel & Accessories,Cash,NZD,MAIN,,,,,,,,,,1,0.15,Completed,30/10/2017,,30/10/2017 6:15:47 a.m.,30/10/2017 6:15:47 a.m.,500,75,575,,,NAIL-M,Medium Nails,20,25,25,0,9.12441358024691,,75,500,,FALSE
SO-00000025,06/11/2017,GAR123,Garrick Inc.,Cash,AUD,MAIN,,,,,,,,,,0.9492,0.15,Completed,06/11/2017,,06/11/2017 6:15:47 a.m.,06/11/2017 6:15:47 a.m.,499.95,74.99,574.94,,,DINING, Dining Table,5,99.99,99.99,0,40.4293913043478,,74.99,499.95,,FALSE
SO-00000026,12/11/2017,GBRO,Griffin Brothers Fabrication Ltd.,Wholesale,AUD,MAIN,,,,,,,,,,0.9492,0.15,Completed,12/11/2017,,12/11/2017 6:15:47 a.m.,12/11/2017 6:15:47 a.m.,199.98,30,229.98,,,DINING, Dining Table,2,99.99,99.99,0,40.4293911290323,,30,199.98,,FALSE
SO-00000027,18/11/2017,PTECH,PivacTech,On Account,GBP,MAIN,,,,,,,,,,0.4444,0.15,Completed,18/11/2017,,18/11/2017 6:15:47 a.m.,18/11/2017 6:15:47 a.m.,49.9,7.49,57.39,,,DININGCHAIR,Dining Chair,2,24.95,24.95,0,12.4539142857143,,7.49,49.9,,FALSE
SO-00000028,26/11/2017,JUNIOR,The Junior Store,On Account,USD,MAIN,,,,,,,,,,0.6725,0,Completed,26/11/2017,,26/11/2017 6:15:47 a.m.,26/11/2017 6:15:47 a.m.,3123.75,0,3123.75,,,SHELF,Bookshelf Shelf,25,124.95,124.95,0,86.3,,0,3123.75,,FALSE
SO-00000029,05/12/2017,BENEMP,Ben's Emporium,On Account,NZD,MAIN,,,,,,,,,,1,0.15,Completed,05/12/2017,,05/12/2017 6:15:47 a.m.,05/12/2017 6:15:47 a.m.,2499.99,375,2874.99,,,BOOKSHELF,Wooden Bookshelf,1,2499.99,2499.99,0,1771.08287037037,,375,2499.99,,FALSE
SO-00000030,13/12/2017,SIREEN,The House of Sireen,Cash,GBP,MAIN,,,,,,,,,,0.4444,0.15,Completed,13/12/2017,,13/12/2017 6:15:47 a.m.,13/12/2017 6:15:47 a.m.,1998,299.7,2297.7,,,CHAIR,Lounge Chair,2,999,999,0,489.123,,299.7,1998,,FALSE
SO-00000031,17/12/2017,LMH001,LMH Industries,Wholesale,NZD,MAIN,,,,,,,,,,1,0,Completed,17/12/2017,,17/12/2017 6:15:47 a.m.,17/12/2017 6:15:47 a.m.,240,0,240,,,COUCH2,2-Seater Couch,20,12,12,0,8.5,,0,240,,FALSE
SO-00000032,21/12/2017,FRANCK,Franck & Co.,Cash,USD,MAIN,,,,,,,,,,0.6725,0.15,Completed,21/12/2017,,21/12/2017 6:15:47 a.m.,21/12/2017 6:15:47 a.m.,24.95,3.74,28.69,,,SCREWS,Box of Screws,5,4.99,4.99,0,0,,3.74,24.95,,FALSE
SO-00000033,29/12/2017,MATSUP,Matt's Supplies Ltd.,On Account,AUD,MAIN,,,,,,,,,,0.9492,0.15,Completed,29/12/2017,,29/12/2017 6:15:47 a.m.,29/12/2017 6:15:47 a.m.,750,112.5,862.5,,,NAIL-S,Small Nails,10,25,25,0,9.44187984496124,,37.5,250,,FALSE
SO-00000033,29/12/2017,MATSUP,Matt's Supplies Ltd.,On Account,AUD,MAIN,,,,,,,,,,0.9492,0.15,Completed,29/12/2017,,29/12/2017 6:15:47 a.m.,29/12/2017 6:15:47 a.m.,750,112.5,862.5,,,NAIL-M,Medium Nails,10,25,25,0,9.12441447368421,,37.5,250,,FALSE
SO-00000033,29/12/2017,MATSUP,Matt's Supplies Ltd.,On Account,AUD,MAIN,,,,,,,,,,0.9492,0.15,Completed,29/12/2017,,29/12/2017 6:15:47 a.m.,29/12/2017 6:15:47 a.m.,750,112.5,862.5,,,NAIL-L,Large Nails,10,25,25,0,9.72707042253521,,37.5,250,,FALSE
SO-00000034,02/01/2018,EMWAR,Emmanuel's Discount Warehouse,Wholesale,USD,MAIN,,,,,,,,,,0.6725,0,Completed,02/01/2018,,02/01/2018 6:15:47 a.m.,02/01/2018 6:15:47 a.m.,2398.4,0,2398.4,,,GLUE,Furniture Assembly Glue,160,14.99,14.99,0,9.99,,0,2398.4,,FALSE
SO-00000035,09/01/2018,WADE,Wade's Apparel & Accessories,Cash,NZD,MAIN,,,,,,,,,,1,0.15,Completed,09/01/2018,,09/01/2018 6:15:47 a.m.,09/01/2018 6:15:47 a.m.,555,83.25,638.25,,,COUCH3,3-Seater Couch,3,185,185,0,67.8,,83.25,555,,FALSE
SO-00000036,16/01/2018,GBRO,Griffin Brothers Fabrication Ltd.,Wholesale,AUD,MAIN,,,,,,,,,,0.9492,0.15,Completed,16/01/2018,,16/01/2018 6:15:47 a.m.,16/01/2018 6:15:47 a.m.,180,27,207,,,COUCH2,2-Seater Couch,15,12,12,0,8.5,,27,180,,FALSE
SO-00000037,23/01/2018,SIREEN,The House of Sireen,Cash,GBP,MAIN,,,,,,,,,,0.4444,0.15,Completed,23/01/2018,,23/01/2018 6:15:47 a.m.,23/01/2018 6:15:47 a.m.,149.7,22.46,172.16,,,DININGCHAIR,Dining Chair,6,24.95,24.95,0,12.4539136690648,,22.46,149.7,,FALSE
SO-00000038,06/02/2018,JUNIOR,The Junior Store,On Account,USD,MAIN,,,,,,,,,,0.6725,0,Completed,06/02/2018,,06/02/2018 6:15:47 a.m.,06/02/2018 6:15:47 a.m.,3748.5,0,3748.5,,,SHELF,Bookshelf Shelf,30,124.95,124.95,0,86.3,,0,3748.5,,FALSE
SO-00000039,15/02/2018,BENEMP,Ben's Emporium,On Account,NZD,MAIN,,,,,,,,,,1,0.15,Completed,15/02/2018,,15/02/2018 6:15:47 a.m.,15/02/2018 6:15:47 a.m.,2739,410.85,3149.85,,,SHELF,Bookshelf Shelf,20,124.95,124.95,0,86.3,,374.85,2499,,FALSE
SO-00000039,15/02/2018,BENEMP,Ben's Emporium,On Account,NZD,MAIN,,,,,,,,,,1,0.15,Completed,15/02/2018,,15/02/2018 6:15:47 a.m.,15/02/2018 6:15:47 a.m.,2739,410.85,3149.85,,,COUCH2,2-Seater Couch,20,12,12,0,8.5,,36,240,,FALSE
SO-00000040,19/02/2018,LMH001,LMH Industries,Wholesale,NZD,MAIN,,,,,,,,,,1,0,Completed,19/02/2018,,19/02/2018 6:15:47 a.m.,19/02/2018 6:15:47 a.m.,1998,0,1998,,,CHAIR,Lounge Chair,2,999,999,0,489.123,,0,1998,,FALSE
SO-00000041,25/02/2018,PTECH,PivacTech,On Account,GBP,MAIN,,,,,,,,,,0.4444,0.15,Completed,25/02/2018,,25/02/2018 6:15:47 a.m.,25/02/2018 6:15:47 a.m.,1475,221.25,1696.25,,,STAIN,Dark Wood Stain,10,147.5,147.5,0,80.8223,,221.25,1475,,FALSE
SO-00000042,03/03/2018,GAR123,Garrick Inc.,Cash,AUD,MAIN,,,,,,,,,,0.9492,0.15,Completed,03/03/2018,,03/03/2018 6:15:47 a.m.,03/03/2018 6:15:47 a.m.,925,138.75,1063.75,,,COUCH3,3-Seater Couch,5,185,185,0,67.8,,138.75,925,,FALSE
SO-00000043,09/03/2018,MATSUP,Matt's Supplies Ltd.,On Account,AUD,MAIN,,,,,,,,,,0.9492,0.15,Completed,09/03/2018,,09/03/2018 6:15:47 a.m.,09/03/2018 6:15:47 a.m.,249.5,37.43,286.93,,,DININGCHAIR,Dining Chair,10,24.95,24.95,0,12.4539154411765,,37.43,249.5,,FALSE
SO-00000044,18/03/2018,LMH001,LMH Industries,Wholesale,NZD,MAIN,,,,,,,,,,1,0,Completed,18/03/2018,,18/03/2018 6:15:47 a.m.,18/03/2018 6:15:47 a.m.,75,0,75,,,NAIL-S,Small Nails,3,25,25,0,9.44187903225806,,0,75,,FALSE
SO-00000045,21/03/2018,FRANCK,Franck & Co.,Cash,USD,MAIN,,,,,,,,,,0.6725,0.15,Completed,21/03/2018,,21/03/2018 6:15:47 a.m.,21/03/2018 6:15:47 a.m.,3799.39,569.92,4369.31,,,SCREWS,Box of Screws,10,4.99,4.99,0,0,,7.49,49.9,,FALSE
SO-00000045,21/03/2018,FRANCK,Franck & Co.,Cash,USD,MAIN,,,,,,,,,,0.6725,0.15,Completed,21/03/2018,,21/03/2018 6:15:47 a.m.,21/03/2018 6:15:47 a.m.,3799.39,569.92,4369.31,,,BOOKSHELF,Wooden Bookshelf,1,2499.99,2499.99,0,1771.08286915888,,375,2499.99,,FALSE
SO-00000045,21/03/2018,FRANCK,Franck & Co.,Cash,USD,MAIN,,,,,,,,,,0.6725,0.15,Completed,21/03/2018,,21/03/2018 6:15:47 a.m.,21/03/2018 6:15:47 a.m.,3799.39,569.92,4369.31,,,SHELF,Bookshelf Shelf,10,124.95,124.95,0,86.3,,187.43,1249.5,,FALSE
SO-00000046,28/03/2018,EMWAR,Emmanuel's Discount Warehouse,Wholesale,USD,MAIN,,,,,,,,,,0.6725,0,Completed,28/03/2018,,28/03/2018 6:15:47 a.m.,28/03/2018 6:15:47 a.m.,1199.88,0,1199.88,,,DINING, Dining Table,12,99.99,99.99,0,40.4293902439024,,0,1199.88,,FALSE
SO-00000047,30/03/2018,LMH001,LMH Industries,Wholesale,NZD,MAIN,,,,,,,,,,1,0,Completed,30/03/2018,,30/03/2018 6:15:47 a.m.,30/03/2018 6:15:47 a.m.,555,0,555,,,COUCH3,3-Seater Couch,3,185,185,0,67.8,,0,555,,FALSE
SO-00000048,05/04/2018,BENEMP,Ben's Emporium,On Account,NZD,MAIN,,,,,,,,,,1,0.15,Completed,05/04/2018,,05/04/2018 6:15:47 a.m.,05/04/2018 6:15:47 a.m.,2499,374.85,2873.85,,,SHELF,Bookshelf Shelf,20,124.95,124.95,0,86.3,,374.85,2499,,FALSE
SO-00000049,12/04/2018,MATSUP,Matt's Supplies Ltd.,On Account,AUD,MAIN,,,,,,,,,,0.9492,0.15,Completed,12/04/2018,,12/04/2018 6:15:47 a.m.,12/04/2018 6:15:47 a.m.,2499.99,375,2874.99,,,BOOKSHELF,Wooden Bookshelf,1,2499.99,2499.99,0,1771.08286792453,,375,2499.99,,FALSE
SO-00000050,15/04/2018,PTECH,PivacTech,On Account,GBP,MAIN,,,,,,,,,,0.4444,0.15,Completed,15/04/2018,,15/04/2018 6:15:47 a.m.,15/04/2018 6:15:47 a.m.,590,88.5,678.5,,,STAIN,Dark Wood Stain,4,147.5,147.5,0,80.8223,,88.5,590,,FALSE
SO-00000051,20/04/2018,WADE,Wade's Apparel & Accessories,Cash,NZD,MAIN,,,,,,,,,,1,0.15,Completed,20/04/2018,,20/04/2018 6:15:47 a.m.,20/04/2018 6:15:47 a.m.,1998,299.7,2297.7,,,CHAIR,Lounge Chair,2,999,999,0,489.123,,299.7,1998,,FALSE
SO-00000052,26/04/2018,JUNIOR,The Junior Store,On Account,USD,MAIN,,,,,,,,,,0.6725,0,Completed,26/04/2018,,26/04/2018 6:15:47 a.m.,26/04/2018 6:15:47 a.m.,1874.25,0,1874.25,,,SHELF,Bookshelf Shelf,15,124.95,124.95,0,86.3,,0,1874.25,,FALSE
SO-00000053,02/05/2018,FRANCK,Franck & Co.,Cash,USD,MAIN,,,,,,,,,,0.6725,0.15,Completed,02/05/2018,,02/05/2018 6:15:47 a.m.,02/05/2018 6:15:47 a.m.,2499,374.85,2873.85,,,SHELF,Bookshelf Shelf,20,124.95,124.95,0,86.3,,374.85,2499,,FALSE
SO-00000054,07/05/2018,SIREEN,The House of Sireen,Cash,GBP,MAIN,,,,,,,,,,0.4444,0.15,Completed,07/05/2018,,07/05/2018 6:15:47 a.m.,07/05/2018 6:15:47 a.m.,2499.99,375,2874.99,,,BOOKSHELF,Wooden Bookshelf,1,2499.99,2499.99,0,1771.08286666667,,375,2499.99,,FALSE
SO-00000055,11/05/2018,GBRO,Griffin Brothers Fabrication Ltd.,Wholesale,AUD,MAIN,,,,,,,,,,0.9492,0.15,Completed,11/05/2018,,11/05/2018 6:15:47 a.m.,11/05/2018 6:15:47 a.m.,1850,277.5,2127.5,,,COUCH3,3-Seater Couch,10,185,185,0,67.8,,277.5,1850,,FALSE
SO-00000056,15/05/2018,GAR123,Garrick Inc.,Cash,AUD,MAIN,,,,,,,,,,0.9492,0.15,Completed,15/05/2018,,15/05/2018 6:15:47 a.m.,15/05/2018 6:15:47 a.m.,999.9,149.99,1149.89,,,DINING, Dining Table,10,99.99,99.99,0,40.4293888888889,,149.99,999.9,,FALSE
SO-00000057,22/05/2018,LMH001,LMH Industries,Wholesale,NZD,MAIN,,,,,,,,,,1,0,Completed,22/05/2018,,22/05/2018 6:15:47 a.m.,22/05/2018 6:15:47 a.m.,295,0,295,,,STAIN,Dark Wood Stain,2,147.5,147.5,0,80.8223012820513,,0,295,,FALSE
SO-00000058,26/05/2018,GBRO,Griffin Brothers Fabrication Ltd.,Wholesale,AUD,MAIN,,,,,,,,,,0.9492,0.15,Completed,26/05/2018,,26/05/2018 6:15:47 a.m.,26/05/2018 6:15:47 a.m.,120,18,138,,,COUCH2,2-Seater Couch,10,12,12,0,8.5,,18,120,,FALSE
SO-00000059,05/06/2018,PTECH,PivacTech,On Account,GBP,MAIN,,,,,,,,,,0.4444,0.15,Completed,05/06/2018,,05/06/2018 6:15:47 a.m.,05/06/2018 6:15:47 a.m.,2003.7,300.56,2304.26,,,COUCH3,3-Seater Couch,3,185,185,0,67.8,,83.25,555,,FALSE
SO-00000059,05/06/2018,PTECH,PivacTech,On Account,GBP,MAIN,,,,,,,,,,0.4444,0.15,Completed,05/06/2018,,05/06/2018 6:15:47 a.m.,05/06/2018 6:15:47 a.m.,2003.7,300.56,2304.26,,,DININGCHAIR,Dining Chair,10,24.95,24.95,0,12.4539160305343,,37.43,249.5,,FALSE
SO-00000059,05/06/2018,PTECH,PivacTech,On Account,GBP,MAIN,,,,,,,,,,0.4444,0.15,Completed,05/06/2018,,05/06/2018 6:15:47 a.m.,05/06/2018 6:15:47 a.m.,2003.7,300.56,2304.26,,,GLUE,Furniture Assembly Glue,80,14.99,14.99,0,9.99,,179.88,1199.2,,FALSE
SO-00000060,12/06/2018,BENEMP,Ben's Emporium,On Account,NZD,MAIN,,,,,,,,,,1,0.15,Completed,12/06/2018,,12/06/2018 6:15:47 a.m.,12/06/2018 6:15:47 a.m.,3479,521.85,4000.85,,,SHELF,Bookshelf Shelf,20,124.95,124.95,0,86.3,,374.85,2499,,FALSE
SO-00000060,12/06/2018,BENEMP,Ben's Emporium,On Account,NZD,MAIN,,,,,,,,,,1,0.15,Completed,12/06/2018,,12/06/2018 6:15:47 a.m.,12/06/2018 6:15:47 a.m.,3479,521.85,4000.85,,,COUCH3,3-Seater Couch,4,185,185,0,67.8,,111,740,,FALSE
SO-00000060,12/06/2018,BENEMP,Ben's Emporium,On Account,NZD,MAIN,,,,,,,,,,1,0.15,Completed,12/06/2018,,12/06/2018 6:15:47 a.m.,12/06/2018 6:15:47 a.m.,3479,521.85,4000.85,,,COUCH2,2-Seater Couch,20,12,12,0,8.5,,36,240,,FALSE
SO-00000061,16/06/2018,WADE,Wade's Apparel & Accessories,Cash,NZD,MAIN,,,,,,,,,,1,0.15,Completed,16/06/2018,,16/06/2018 6:15:47 a.m.,16/06/2018 6:15:47 a.m.,625,93.75,718.75,,,NAIL-L,Large Nails,25,25,25,0,9.72706896551724,,93.75,625,,FALSE
SO-00000062,19/06/2018,EMWAR,Emmanuel's Discount Warehouse,Wholesale,USD,MAIN,,,,,,,,,,0.6725,0,Completed,19/06/2018,,19/06/2018 6:15:47 a.m.,19/06/2018 6:15:47 a.m.,1998,0,1998,,,CHAIR,Lounge Chair,2,999,999,0,489.123,,0,1998,,FALSE
SO-00000063,23/06/2018,GAR123,Garrick Inc.,Cash,AUD,MAIN,,,,,,,,,,0.9492,0.15,Completed,23/06/2018,,23/06/2018 6:15:47 a.m.,23/06/2018 6:15:47 a.m.,4999.98,750,5749.98,,,BOOKSHELF,Wooden Bookshelf,2,2499.99,2499.99,0,1771.08286538462,,750,4999.98,,FALSE
SO-00000064,05/07/2018,MATSUP,Matt's Supplies Ltd.,On Account,AUD,MAIN,,,,,,,,,,0.9492,0.15,Completed,05/07/2018,,05/07/2018 6:15:47 a.m.,05/07/2018 6:15:47 a.m.,2928.9,439.34,3368.24,,,SHELF,Bookshelf Shelf,22,124.95,124.95,0,86.3,,412.34,2748.9,,FALSE
SO-00000064,05/07/2018,MATSUP,Matt's Supplies Ltd.,On Account,AUD,MAIN,,,,,,,,,,0.9492,0.15,Completed,05/07/2018,,05/07/2018 6:15:47 a.m.,05/07/2018 6:15:47 a.m.,2928.9,439.34,3368.24,,,COUCH2,2-Seater Couch,15,12,12,0,8.5,,27,180,,FALSE
SO-00000065,08/07/2018,SIREEN,The House of Sireen,Cash,GBP,MAIN,,,,,,,,,,0.4444,0.15,Completed,08/07/2018,,08/07/2018 6:15:47 a.m.,08/07/2018 6:15:47 a.m.,999.9,149.99,1149.89,,,DINING, Dining Table,10,99.99,99.99,0,40.4293883928571,,149.99,999.9,,FALSE
SO-00000066,15/07/2018,GBRO,Griffin Brothers Fabrication Ltd.,Wholesale,AUD,MAIN,,,,,,,,,,0.9492,0.15,Completed,15/07/2018,,15/07/2018 6:15:47 a.m.,15/07/2018 6:15:47 a.m.,442.5,66.38,508.88,,,STAIN,Dark Wood Stain,3,147.5,147.5,0,80.8222987012987,,66.38,442.5,,FALSE
SO-00000067,20/07/2018,JUNIOR,The Junior Store,On Account,USD,MAIN,,,,,,,,,,0.6725,0,Completed,20/07/2018,,20/07/2018 6:15:47 a.m.,20/07/2018 6:15:47 a.m.,469.99,0,469.99,,,COUCH3,3-Seater Couch,2,185,185,0,67.8,,0,370,,FALSE
SO-00000067,20/07/2018,JUNIOR,The Junior Store,On Account,USD,MAIN,,,,,,,,,,0.6725,0,Completed,20/07/2018,,20/07/2018 6:15:47 a.m.,20/07/2018 6:15:47 a.m.,469.99,0,469.99,,,DINING, Dining Table,1,99.99,99.99,0,40.4293878504673,,0,99.99,,FALSE
SO-00000068,24/07/2018,FRANCK,Franck & Co.,Cash,USD,MAIN,,,,,,,,,,0.6725,0.15,Completed,24/07/2018,,24/07/2018 6:15:47 a.m.,24/07/2018 6:15:47 a.m.,99.8,14.97,114.77,,,SCREWS,Box of Screws,20,4.99,4.99,0,0,,14.97,99.8,,FALSE
SO-00000069,27/07/2018,PTECH,PivacTech,On Account,GBP,MAIN,,,,,,,,,,0.4444,0.15,Completed,27/07/2018,,27/07/2018 6:15:47 a.m.,27/07/2018 6:15:47 a.m.,2997,449.55,3446.55,,,CHAIR,Lounge Chair,3,999,999,0,489.123,,449.55,2997,,FALSE
SO-00000070,03/08/2018,LMH001,LMH Industries,Wholesale,NZD,MAIN,,,,,,,,,,1,0,Completed,03/08/2018,,03/08/2018 6:15:47 a.m.,03/08/2018 6:15:47 a.m.,360,0,360,,,COUCH2,2-Seater Couch,30,12,12,0,8.5,,0,360,,FALSE
SO-00000071,10/08/2018,SIREEN,The House of Sireen,Cash,GBP,MAIN,,,,,,,,,,0.4444,0.15,Completed,10/08/2018,,10/08/2018 6:15:47 a.m.,10/08/2018 6:15:47 a.m.,3123.75,468.56,3592.31,,,SHELF,Bookshelf Shelf,25,124.95,124.95,0,86.3,,468.56,3123.75,,FALSE
SO-00000072,19/08/2018,GBRO,Griffin Brothers Fabrication Ltd.,Wholesale,AUD,MAIN,,,,,,,,,,0.9492,0.15,Completed,19/08/2018,,19/08/2018 6:15:47 a.m.,19/08/2018 6:15:47 a.m.,4999.98,750,5749.98,,,BOOKSHELF,Wooden Bookshelf,2,2499.99,2499.99,0,1771.0828627451,,750,4999.98,,FALSE
SO-00000073,25/08/2018,BENEMP,Ben's Emporium,On Account,NZD,MAIN,,,,,,,,,,1,0.15,Completed,25/08/2018,,25/08/2018 6:15:47 a.m.,25/08/2018 6:15:47 a.m.,3748.5,562.28,4310.78,,,SHELF,Bookshelf Shelf,30,124.95,124.95,0,86.3,,562.28,3748.5,,FALSE
SO-00000074,29/08/2018,GAR123,Garrick Inc.,Cash,AUD,MAIN,,,,,,,,,,0.9492,0.15,Completed,29/08/2018,,29/08/2018 6:15:47 a.m.,29/08/2018 6:15:47 a.m.,2431.75,364.77,2796.52,,,STAIN,Dark Wood Stain,1,147.5,147.5,0,80.822298013245,,22.13,147.5,,FALSE
SO-00000074,29/08/2018,GAR123,Garrick Inc.,Cash,AUD,MAIN,,,,,,,,,,0.9492,0.15,Completed,29/08/2018,,29/08/2018 6:15:47 a.m.,29/08/2018 6:15:47 a.m.,2431.75,364.77,2796.52,,,COUCH2,2-Seater Couch,30,12,12,0,8.5,,54,360,,FALSE
SO-00000074,29/08/2018,GAR123,Garrick Inc.,Cash,AUD,MAIN,,,,,,,,,,0.9492,0.15,Completed,29/08/2018,,29/08/2018 6:15:47 a.m.,29/08/2018 6:15:47 a.m.,2431.75,364.77,2796.52,,,SHELF,Bookshelf Shelf,15,124.95,124.95,0,86.3,,281.14,1874.25,,FALSE
SO-00000074,29/08/2018,GAR123,Garrick Inc.,Cash,AUD,MAIN,,,,,,,,,,0.9492,0.15,Completed,29/08/2018,,29/08/2018 6:15:47 a.m.,29/08/2018 6:15:47 a.m.,2431.75,364.77,2796.52,,,NAIL-M,Medium Nails,2,25,25,0,9.12441496598639,,7.5,50,,FALSE
SO-00000075,04/09/2018,WADE,Wade's Apparel & Accessories,Cash,NZD,MAIN,,,,,,,,,,1,0.15,Completed,04/09/2018,,04/09/2018 6:15:47 a.m.,04/09/2018 6:15:47 a.m.,2499.99,375,2874.99,,,BOOKSHELF,Wooden Bookshelf,1,2499.99,2499.99,0,1771.08286,,375,2499.99,,FALSE
SO-00000076,04/09/2018,MATSUP,Matt's Supplies Ltd.,On Account,AUD,MAIN,,,,,,,,,,0.9492,0.15,Completed,04/09/2018,,04/09/2018 6:15:47 a.m.,04/09/2018 6:15:47 a.m.,1999.2,299.88,2299.08,,,SHELF,Bookshelf Shelf,16,124.95,124.95,0,86.3,,299.88,1999.2,,FALSE
SO-00000077,07/09/2018,FRANCK,Franck & Co.,Cash,USD,MAIN,,,,,,,,,,0.6725,0.15,Completed,07/09/2018,,07/09/2018 6:15:47 a.m.,07/09/2018 6:15:47 a.m.,25,3.75,28.75,,,NAIL-M,Medium Nails,1,25,25,0,9.12441438356164,,3.75,25,,FALSE
SO-00000078,11/09/2018,LMH001,LMH Industries,Wholesale,NZD,MAIN,,,,,,,,,,1,0,Completed,11/09/2018,,11/09/2018 6:15:47 a.m.,11/09/2018 6:15:47 a.m.,2997,0,2997,,,CHAIR,Lounge Chair,3,999,999,0,489.123,,0,2997,,FALSE
SO-00000079,16/09/2018,PTECH,PivacTech,On Account,GBP,MAIN,,,,,,,,,,0.4444,0.15,Completed,16/09/2018,,16/09/2018 6:15:47 a.m.,16/09/2018 6:15:47 a.m.,3447.7,517.16,3964.86,,,GLUE,Furniture Assembly Glue,230,14.99,14.99,0,9.99,,517.16,3447.7,,FALSE
SO-00000080,17/09/2018,PTECH,PivacTech,On Account,GBP,MAIN,,,,,,,,,,0.4444,0.15,Completed,17/09/2018,,17/09/2018 6:15:47 a.m.,17/09/2018 6:15:47 a.m.,120,18,138,,,COUCH2,2-Seater Couch,10,12,12,0,8.5,,18,120,,FALSE
SO-00000081,24/09/2018,JUNIOR,The Junior Store,On Account,USD,MAIN,,,,,,,,,,0.6725,0,Completed,24/09/2018,,24/09/2018 6:15:47 a.m.,24/09/2018 6:15:47 a.m.,50,0,50,,,NAIL-M,Medium Nails,2,25,25,0,9.12441580756014,,0,50,,FALSE
SO-00000082,30/09/2018,BENEMP,Ben's Emporium,On Account,NZD,MAIN,,,,,,,,,,1,0.15,Completed,30/09/2018,,30/09/2018 6:15:47 a.m.,30/09/2018 6:15:47 a.m.,4999.98,750,5749.98,,,BOOKSHELF,Wooden Bookshelf,2,2499.99,2499.99,0,1771.08285858586,,750,4999.98,,FALSE
SO-00000083,03/10/2018,EMWAR,Emmanuel's Discount Warehouse,Wholesale,USD,MAIN,,,,,,,,,,0.6725,0,Completed,03/10/2018,,03/10/2018 6:15:47 a.m.,03/10/2018 6:15:47 a.m.,1999.8,0,1999.8,,,DINING, Dining Table,20,99.99,99.99,0,40.4293896713615,,0,1999.8,,FALSE
SO-00000084,08/10/2018,GAR123,Garrick Inc.,Cash,AUD,MAIN,,,,,,,,,,0.9492,0.15,Completed,08/10/2018,,08/10/2018 6:15:47 a.m.,08/10/2018 6:15:47 a.m.,2499,374.85,2873.85,,,SHELF,Bookshelf Shelf,20,124.95,124.95,0,86.3,,374.85,2499,,FALSE
SO-00000085,14/10/2018,GBRO,Griffin Brothers Fabrication Ltd.,Wholesale,AUD,MAIN,,,,,,,,,,0.9492,0.15,Completed,14/10/2018,,14/10/2018 6:15:47 a.m.,14/10/2018 6:15:47 a.m.,5097,764.55,5861.55,,,SIDE,Bookshelf Side,3,1699,1699,0,804.3902,,764.55,5097,,FALSE
SO-00000086,15/10/2018,WADE,Wade's Apparel & Accessories,Cash,NZD,MAIN,,,,,,,,,,1,0.15,Completed,15/10/2018,,15/10/2018 6:15:47 a.m.,15/10/2018 6:15:47 a.m.,2425,363.75,2788.75,,,NAIL-S,Small Nails,30,25,25,0,9.44187755102041,,112.5,750,,FALSE
SO-00000086,15/10/2018,WADE,Wade's Apparel & Accessories,Cash,NZD,MAIN,,,,,,,,,,1,0.15,Completed,15/10/2018,,15/10/2018 6:15:47 a.m.,15/10/2018 6:15:47 a.m.,2425,363.75,2788.75,,,NAIL-M,Medium Nails,35,25,25,0,9.12441522491349,,131.25,875,,FALSE
SO-00000086,15/10/2018,WADE,Wade's Apparel & Accessories,Cash,NZD,MAIN,,,,,,,,,,1,0.15,Completed,15/10/2018,,15/10/2018 6:15:47 a.m.,15/10/2018 6:15:47 a.m.,2425,363.75,2788.75,,,NAIL-L,Large Nails,32,25,25,0,9.72706741573034,,120,800,,FALSE
SO-00000087,18/10/2018,MATSUP,Matt's Supplies Ltd.,On Account,AUD,MAIN,,,,,,,,,,0.9492,0.15,Completed,18/10/2018,,18/10/2018 6:15:47 a.m.,18/10/2018 6:15:47 a.m.,2997,449.55,3446.55,,,CHAIR,Lounge Chair,3,999,999,0,489.123,,449.55,2997,,FALSE
SO-00000088,23/10/2018,LMH001,LMH Industries,Wholesale,NZD,MAIN,,,,,,,,,,1,0,Completed,23/10/2018,,23/10/2018 6:15:47 a.m.,23/10/2018 6:15:47 a.m.,1480,0,1480,,,COUCH3,3-Seater Couch,8,185,185,0,67.8,,0,1480,,FALSE
SO-00000089,27/10/2018,SIREEN,The House of Sireen,Cash,GBP,MAIN,,,,,,,,,,0.4444,0.15,Completed,27/10/2018,,27/10/2018 6:15:47 a.m.,27/10/2018 6:15:47 a.m.,4373.25,655.99,5029.24,,,SHELF,Bookshelf Shelf,35,124.95,124.95,0,86.3,,655.99,4373.25,,FALSE
SO-00000090,01/11/2018,FRANCK,Franck & Co.,Cash,USD,MAIN,,,,,,,,,,0.6725,0.15,Completed,01/11/2018,,01/11/2018 6:15:47 a.m.,01/11/2018 6:15:47 a.m.,124.75,18.71,143.46,,,SCREWS,Box of Screws,25,4.99,4.99,0,0,,18.71,124.75,,FALSE
SO-00000091,05/11/2018,BENEMP,Ben's Emporium,On Account,NZD,MAIN,,,,,,,,,,1,0.15,Completed,05/11/2018,,05/11/2018 6:15:47 a.m.,05/11/2018 6:15:47 a.m.,9343.48,1401.53,10745.01,,,BOOKSHELF,Wooden Bookshelf,2,2499.99,2499.99,0,1771.0828556701,,750,4999.98,,FALSE
SO-00000091,05/11/2018,BENEMP,Ben's Emporium,On Account,NZD,MAIN,,,,,,,,,,1,0.15,Completed,05/11/2018,,05/11/2018 6:15:47 a.m.,05/11/2018 6:15:47 a.m.,9343.48,1401.53,10745.01,,,SHELF,Bookshelf Shelf,30,124.95,124.95,0,86.3,,562.28,3748.5,,FALSE
SO-00000091,05/11/2018,BENEMP,Ben's Emporium,On Account,NZD,MAIN,,,,,,,,,,1,0.15,Completed,05/11/2018,,05/11/2018 6:15:47 a.m.,05/11/2018 6:15:47 a.m.,9343.48,1401.53,10745.01,,,COUCH2,2-Seater Couch,25,12,12,0,8.5,,45,300,,FALSE
SO-00000091,05/11/2018,BENEMP,Ben's Emporium,On Account,NZD,MAIN,,,,,,,,,,1,0.15,Completed,05/11/2018,,05/11/2018 6:15:47 a.m.,05/11/2018 6:15:47 a.m.,9343.48,1401.53,10745.01,,,STAIN,Dark Wood Stain,2,147.5,147.5,0,80.8223,,44.25,295,,FALSE
SO-00000092,11/11/2018,EMWAR,Emmanuel's Discount Warehouse,Wholesale,USD,MAIN,,,,,,,,,,0.6725,0,Completed,11/11/2018,,11/11/2018 6:15:47 a.m.,11/11/2018 6:15:47 a.m.,999.9,0,999.9,,,DINING, Dining Table,10,99.99,99.99,0,40.4293886010363,,0,999.9,,FALSE
SO-00000093,13/11/2018,LMH001,LMH Industries,Wholesale,NZD,MAIN,,,,,,,,,,1,0,Completed,13/11/2018,,13/11/2018 6:15:47 a.m.,13/11/2018 6:15:47 a.m.,5097,0,5097,,,SIDE,Bookshelf Side,3,1699,1699,0,804.390195652174,,0,5097,,FALSE
SO-00000094,15/11/2018,GBRO,Griffin Brothers Fabrication Ltd.,Wholesale,AUD,MAIN,,,,,,,,,,0.9492,0.15,Completed,15/11/2018,,15/11/2018 6:15:47 a.m.,15/11/2018 6:15:47 a.m.,3996,599.4,4595.4,,,CHAIR,Lounge Chair,4,999,999,0,489.123,,599.4,3996,,FALSE
SO-00000095,21/11/2018,PTECH,PivacTech,On Account,GBP,MAIN,,,,,,,,,,0.4444,0.15,Completed,21/11/2018,,21/11/2018 6:15:47 a.m.,21/11/2018 6:15:47 a.m.,2499.99,375,2874.99,,,BOOKSHELF,Wooden Bookshelf,1,2499.99,2499.99,0,1771.08285263158,,375,2499.99,,FALSE
SO-00000096,28/11/2018,JUNIOR,The Junior Store,On Account,USD,MAIN,,,,,,,,,,0.6725,0,Completed,28/11/2018,,28/11/2018 6:15:47 a.m.,28/11/2018 6:15:47 a.m.,360,0,360,,,COUCH2,2-Seater Couch,30,12,12,0,8.5,,0,360,,FALSE
SO-00000097,29/11/2018,JUNIOR,The Junior Store,On Account,USD,MAIN,,,,,,,,,,0.6725,0,Completed,29/11/2018,,29/11/2018 6:15:47 a.m.,29/11/2018 6:15:47 a.m.,147.5,0,147.5,,,STAIN,Dark Wood Stain,1,147.5,147.5,0,80.8222972972973,,0,147.5,,FALSE
SO-00000098,02/12/2018,GAR123,Garrick Inc.,Cash,AUD,MAIN,,,,,,,,,,0.9492,0.15,Completed,02/12/2018,,02/12/2018 6:15:47 a.m.,02/12/2018 6:15:47 a.m.,1850,277.5,2127.5,,,COUCH3,3-Seater Couch,10,185,185,0,67.8,,277.5,1850,,FALSE
SO-00000099,06/12/2018,GBRO,Griffin Brothers Fabrication Ltd.,Wholesale,AUD,MAIN,,,,,,,,,,0.9492,0.15,Completed,06/12/2018,,06/12/2018 6:15:47 a.m.,06/12/2018 6:15:47 a.m.,8495,1274.25,9769.25,,,SIDE,Bookshelf Side,5,1699,1699,0,804.390191011236,,1274.25,8495,,FALSE
SO-00000100,07/12/2018,JUNIOR,The Junior Store,On Account,USD,MAIN,,,,,,,,,,0.6725,0,Completed,07/12/2018,,07/12/2018 6:15:47 a.m.,07/12/2018 6:15:47 a.m.,3248.7,0,3248.7,,,SHELF,Bookshelf Shelf,26,124.95,124.95,0,86.3,,0,3248.7,,FALSE
SO-00000101,12/12/2018,BENEMP,Ben's Emporium,On Account,NZD,MAIN,,,,,,,,,,1,0.15,Completed,12/12/2018,,12/12/2018 6:15:47 a.m.,12/12/2018 6:15:47 a.m.,9999.96,1499.99,11499.95,,,BOOKSHELF,Wooden Bookshelf,4,2499.99,2499.99,0,1771.28947368421,,1499.99,9999.96,,FALSE
SO-00000102,13/12/2018,BENEMP,Ben's Emporium,On Account,NZD,MAIN,,,,,,,,,,1,0.15,Completed,13/12/2018,,13/12/2018 6:15:47 a.m.,13/12/2018 6:15:47 a.m.,6247.5,937.13,7184.63,,,SHELF,Bookshelf Shelf,50,124.95,124.95,0,86.3,,937.13,6247.5,,FALSE
SO-00000103,17/12/2018,SIREEN,The House of Sireen,Cash,GBP,MAIN,,,,,,,,,,0.4444,0.15,Completed,17/12/2018,,17/12/2018 6:15:47 a.m.,17/12/2018 6:15:47 a.m.,885,132.75,1017.75,,,STAIN,Dark Wood Stain,6,147.5,147.5,0,80.822301369863,,132.75,885,,FALSE
SO-00000104,21/12/2018,FRANCK,Franck & Co.,Cash,USD,MAIN,,,,,,,,,,0.6725,0.15,Completed,21/12/2018,,21/12/2018 6:15:47 a.m.,21/12/2018 6:15:47 a.m.,2499.99,375,2874.99,,,BOOKSHELF,Wooden Bookshelf,1,2499.99,2499.99,0,1771.28947252747,,375,2499.99,,FALSE
SO-00000105,29/12/2018,EMWAR,Emmanuel's Discount Warehouse,Wholesale,USD,MAIN,,,,,,,,,,0.6725,0,Completed,29/12/2018,,29/12/2018 6:15:47 a.m.,29/12/2018 6:15:47 a.m.,5994,0,5994,,,CHAIR,Lounge Chair,6,999,999,0,489.123,,0,5994,,FALSE
SO-00000106,03/01/2019,WADE,Wade's Apparel & Accessories,Cash,NZD,MAIN,,,,,,,,,,1,0.15,Completed,03/01/2019,,03/01/2019 6:15:47 a.m.,03/01/2019 6:15:47 a.m.,9784.47,1467.68,11252.15,,,BOOKSHELF,Wooden Bookshelf,3,2499.99,2499.99,0,1771.28947777778,,1125,7499.97,,FALSE
SO-00000106,03/01/2019,WADE,Wade's Apparel & Accessories,Cash,NZD,MAIN,,,,,,,,,,1,0.15,Completed,03/01/2019,,03/01/2019 6:15:47 a.m.,03/01/2019 6:15:47 a.m.,9784.47,1467.68,11252.15,,,STAIN,Dark Wood Stain,2,147.5,147.5,0,80.8223,,44.25,295,,FALSE
SO-00000106,03/01/2019,WADE,Wade's Apparel & Accessories,Cash,NZD,MAIN,,,,,,,,,,1,0.15,Completed,03/01/2019,,03/01/2019 6:15:47 a.m.,03/01/2019 6:15:47 a.m.,9784.47,1467.68,11252.15,,,COUCH3,3-Seater Couch,4,185,185,0,67.8,,111,740,,FALSE
SO-00000106,03/01/2019,WADE,Wade's Apparel & Accessories,Cash,NZD,MAIN,,,,,,,,,,1,0.15,Completed,03/01/2019,,03/01/2019 6:15:47 a.m.,03/01/2019 6:15:47 a.m.,9784.47,1467.68,11252.15,,,SHELF,Bookshelf Shelf,10,124.95,124.95,0,86.3,,187.43,1249.5,,FALSE
SO-00000107,10/01/2019,LMH001,LMH Industries,Wholesale,NZD,MAIN,,,,,,,,,,1,0,Completed,10/01/2019,,10/01/2019 6:15:47 a.m.,10/01/2019 6:15:47 a.m.,6796,0,6796,,,SIDE,Bookshelf Side,4,1699,1699,0,804.390192771084,,0,6796,,FALSE
SO-00000108,19/01/2019,GBRO,Griffin Brothers Fabrication Ltd.,Wholesale,AUD,MAIN,,,,,,,,,,0.9492,0.15,Completed,19/01/2019,,19/01/2019 6:15:47 a.m.,19/01/2019 6:15:47 a.m.,8495,1274.25,9769.25,,,SIDE,Bookshelf Side,5,1699,1699,0,804.390189873418,,1274.25,8495,,FALSE
SO-00000109,29/01/2019,PTECH,PivacTech,On Account,GBP,MAIN,,,,,,,,,,0.4444,0.15,Completed,29/01/2019,,29/01/2019 6:15:47 a.m.,29/01/2019 6:15:47 a.m.,24999.9,3749.99,28749.89,,,BOOKSHELF,Wooden Bookshelf,10,2499.99,2499.99,0,1772.73587234043,,3749.99,24999.9,,FALSE
SO-00000110,04/02/2019,JUNIOR,The Junior Store,On Account,USD,MAIN,,,,,,,,,,0.6725,0,Completed,04/02/2019,,04/02/2019 6:15:47 a.m.,04/02/2019 6:15:47 a.m.,19999.92,0,19999.92,,,BOOKSHELF,Wooden Bookshelf,8,2499.99,2499.99,0,1773.74578651685,,0,19999.92,,FALSE
SO-00000111,06/02/2019,SIREEN,The House of Sireen,Cash,GBP,MAIN,,,,,,,,,,0.4444,0.15,Completed,06/02/2019,,06/02/2019 6:15:47 a.m.,06/02/2019 6:15:47 a.m.,4373.25,655.99,5029.24,,,SHELF,Bookshelf Shelf,35,124.95,124.95,0,86.3,,655.99,4373.25,,FALSE
SO-00000112,09/02/2019,MATSUP,Matt's Supplies Ltd.,On Account,AUD,MAIN,,,,,,,,,,0.9492,0.15,Completed,09/02/2019,,09/02/2019 6:15:47 a.m.,09/02/2019 6:15:47 a.m.,1999.8,299.97,2299.77,,,DINING, Dining Table,20,99.99,99.99,0,40.4293879781421,,299.97,1999.8,,FALSE
SO-00000113,12/02/2019,GAR123,Garrick Inc.,Cash,AUD,MAIN,,,,,,,,,,0.9492,0.15,Completed,12/02/2019,,12/02/2019 6:15:47 a.m.,12/02/2019 6:15:47 a.m.,3134.1,470.12,3604.22,,,STAIN,Dark Wood Stain,6,147.5,147.5,0,80.8223015873016,,132.75,885,,FALSE
SO-00000113,12/02/2019,GAR123,Garrick Inc.,Cash,AUD,MAIN,,,,,,,,,,0.9492,0.15,Completed,12/02/2019,,12/02/2019 6:15:47 a.m.,12/02/2019 6:15:47 a.m.,3134.1,470.12,3604.22,,,SHELF,Bookshelf Shelf,18,124.95,124.95,0,86.3,,337.37,2249.1,,FALSE
SO-00000114,16/02/2019,BENEMP,Ben's Emporium,On Account,NZD,MAIN,,,,,,,,,,1,0.15,Completed,16/02/2019,,16/02/2019 6:15:47 a.m.,16/02/2019 6:15:47 a.m.,19980,2997,22977,,,CHAIR,Lounge Chair,20,999,999,0,489.123,,2997,19980,,FALSE
SO-00000115,19/02/2019,FRANCK,Franck & Co.,Cash,USD,MAIN,,,,,,,,,,0.6725,0.15,Completed,19/02/2019,,19/02/2019 6:15:47 a.m.,19/02/2019 6:15:47 a.m.,2087.08,313.07,2400.15,,,SCREWS,Box of Screws,30,4.99,4.99,0,0,,22.46,149.7,,FALSE
SO-00000115,19/02/2019,FRANCK,Franck & Co.,Cash,USD,MAIN,,,,,,,,,,0.6725,0.15,Completed,19/02/2019,,19/02/2019 6:15:47 a.m.,19/02/2019 6:15:47 a.m.,2087.08,313.07,2400.15,,,DINING, Dining Table,12,99.99,99.99,0,40.4293865030675,,179.98,1199.88,,FALSE
SO-00000115,19/02/2019,FRANCK,Franck & Co.,Cash,USD,MAIN,,,,,,,,,,0.6725,0.15,Completed,19/02/2019,,19/02/2019 6:15:47 a.m.,19/02/2019 6:15:47 a.m.,2087.08,313.07,2400.15,,,STAIN,Dark Wood Stain,5,147.5,147.5,0,80.8223,,110.63,737.5,,FALSE
SO-00000116,23/02/2019,LMH001,LMH Industries,Wholesale,NZD,MAIN,,,,,,,,,,1,0,Completed,23/02/2019,,23/02/2019 6:15:47 a.m.,23/02/2019 6:15:47 a.m.,10194,0,10194,,,SIDE,Bookshelf Side,6,1699,1699,0,804.390193548387,,0,10194,,FALSE
SO-00000117,26/02/2019,GBRO,Griffin Brothers Fabrication Ltd.,Wholesale,AUD,MAIN,,,,,,,,,,0.9492,0.15,Completed,26/02/2019,,26/02/2019 6:15:47 a.m.,26/02/2019 6:15:47 a.m.,19999.92,2999.99,22999.91,,,BOOKSHELF,Wooden Bookshelf,8,2499.99,2499.99,0,1774.73222093023,,2999.99,19999.92,,FALSE
SO-00000118,01/03/2019,WADE,Wade's Apparel & Accessories,Cash,NZD,MAIN,,,,,,,,,,1,0.15,Completed,01/03/2019,,01/03/2019 6:15:47 a.m.,01/03/2019 6:15:47 a.m.,9999.96,1499.99,11499.95,,,BOOKSHELF,Wooden Bookshelf,4,2499.99,2499.99,0,1774.93449367089,,1499.99,9999.96,,FALSE
SO-00000119,03/03/2019,MATSUP,Matt's Supplies Ltd.,On Account,AUD,MAIN,,,,,,,,,,0.9492,0.15,Completed,03/03/2019,,03/03/2019 6:15:47 a.m.,03/03/2019 6:15:47 a.m.,3123.75,468.56,3592.31,,,SHELF,Bookshelf Shelf,25,124.95,124.95,0,86.3,,468.56,3123.75,,FALSE
SO-00000120,06/03/2019,LMH001,LMH Industries,Wholesale,NZD,MAIN,,,,,,,,,,1,0,Completed,06/03/2019,,06/03/2019 6:15:47 a.m.,06/03/2019 6:15:47 a.m.,1770,0,1770,,,STAIN,Dark Wood Stain,12,147.5,147.5,0,80.8223027522936,,0,1770,,FALSE
SO-00000121,08/03/2019,BENEMP,Ben's Emporium,On Account,NZD,MAIN,,,,,,,,,,1,0.15,Completed,08/03/2019,,08/03/2019 6:15:47 a.m.,08/03/2019 6:15:47 a.m.,16990,2548.5,19538.5,,,SIDE,Bookshelf Side,10,1699,1699,0,804.3902,,2548.5,16990,,FALSE
SO-00000122,11/03/2019,SIREEN,The House of Sireen,Cash,GBP,MAIN,,,,,,,,,,0.4444,0.15,Completed,11/03/2019,,11/03/2019 6:15:47 a.m.,11/03/2019 6:15:47 a.m.,19980,2997,22977,,,CHAIR,Lounge Chair,20,999,999,0,489.123,,2997,19980,,FALSE
SO-00000123,12/03/2019,GAR123,Garrick Inc.,Cash,AUD,MAIN,,,,,,,,,,0.9492,0.15,Completed,12/03/2019,,12/03/2019 6:15:47 a.m.,12/03/2019 6:15:47 a.m.,4163.5,624.53,4788.03,,,SHELF,Bookshelf Shelf,30,124.95,124.95,0,86.3,,562.28,3748.5,,FALSE
SO-00000123,12/03/2019,GAR123,Garrick Inc.,Cash,AUD,MAIN,,,,,,,,,,0.9492,0.15,Completed,12/03/2019,,12/03/2019 6:15:47 a.m.,12/03/2019 6:15:47 a.m.,4163.5,624.53,4788.03,,,STAIN,Dark Wood Stain,2,147.5,147.5,0,80.8222989690722,,44.25,295,,FALSE
SO-00000123,12/03/2019,GAR123,Garrick Inc.,Cash,AUD,MAIN,,,,,,,,,,0.9492,0.15,Completed,12/03/2019,,12/03/2019 6:15:47 a.m.,12/03/2019 6:15:47 a.m.,4163.5,624.53,4788.03,,,COUCH2,2-Seater Couch,10,12,12,0,8.5,,18,120,,FALSE
