"No_","Description","Item Category Code","Description","Brand","Sales","Code"
"003104","EVIAN 0,33L STAKLO .","02030101","Negazirana voda u bocama","EVIAN","306.59","0000017"
"100013","KEKS SAVOIARDI 400*15 ","01020504","ostali keksi","BONOMI","9987.77","0000007"
"100014","TRENT.ULJE MASL. DJEV. EXTRA 1.0","01100102","Specijalna jestiva ulja","TRENTON","4324.87","0000075"
"100015","TRENT.ULJE MASL. DJEV. EXTRA 0.5","01100102","Specijalna jestiva ulja","TRENTON","415.89","0000075"
"100016","TRENT.ULJE MASLINOVO DJEVIČANSKO 1.0","01100102","Specijalna jestiva ulja","TRENTON","208.71","0000075"
"100017","TRENT.ULJE MASLINOVO 1.0 ","01100102","Specijalna jestiva ulja","TRENTON","5055.54","0000075"
"100018","TRENT.ULJE MASLINOVO 0.5 ","01100102","Specijalna jestiva ulja","TRENTON","682.40","0000075"
"100019","TRENT.MASLINE ZEL.720 U SALAMURI","01120204","masline","TRENTON","3437.40","0000075"
"100020","TRENT.MASLINE CRNE 720 U SALAMURI","01120204","masline","TRENTON","2724.62","0000075"
"100021","TRENT.MASLINE ZEL.2450 U SALAMURI","01120204","masline","TRENTON","152.74","0000075"
"100023","TRENT.ULJE DJEV. EXTRA SPECIJAL 0.75","01100102","Specijalna jestiva ulja","TRENTON","791.51","0000075"
"100024","TRENT.ULJE DJEV. EXTRA SPECIJAL 0.25","01100102","Specijalna jestiva ulja","TRENTON","95.54","0000075"
"100025","TRENT.MASLINE ZELENE 370 ODKOŠTIČENE","01120204","masline","TRENTON","1406.01","0000075"
"100026","VICT.PELAT L3/1*6 ","01100404","Sos paradajz","VICTORIA","3633.74","0000076"
"100027","VICT.PELAT L4/4*12 ","01100404","Sos paradajz","VICTORIA","-20.14","0000076"
"100028","VICT.PELAT L1/2*24 ","01100404","Sos paradajz","VICTORIA","516.75","0000076"
"100029","VICT.PARAD.KONC.L1/2*24 ","01100404","Sos paradajz","VICTORIA","77.64","0000076"
"100030","VICT.PARAD.KONC.L4/4*12 PARADAJZ","01100404","Sos paradajz","VICTORIA","158.17","0000076"
"100031","VICT.PARAD.KONC.L5/1*3 ","01100404","Sos paradajz","VICTORIA","1314.42","0000076"
"100032","VICT.PARAD.KONC.T150*24 ","01100404","Sos paradajz","VICTORIA","323.94","0000076"
"100034","VICT.KUKURUZ L1/2*12 ","01120202","konzervirano povrće","VICTORIA","299.62","0000076"
"100035","VICT.KUKURUZ L3/1*3 ","01120202","konzervirano povrće","VICTORIA","571.65","0000076"
"100038","VICT.GRAŠAK L1/2*24 .","01120202","konzervirano povrće","VICTORIA","96.70","0000076"
"100042","EHR.C.PUDING ČOKOLADA 100GR","01010500","Mlječni deserti","EHRMANN","3962.74","0000015"
"100044","EHR.YOG.E/P 100GR ","01010300","Mliječni / jogurtni napic","EHRMANN","9168.64","0000015"
"100045","EHR.YOG.K/H 100GR .","01010300","Mliječni / jogurtni napic","EHRMANN","8210.75","0000015"
"100083","HAW.PARADAJZ 500 ","01100404","Sos paradajz","HAWAIKI","12680.81","0000030"
"100084","HAW.PARADAJZ 1000 ","01100404","Sos paradajz","HAWAIKI","24055.77","0000030"
"100085","FERR.DUPLO 48/1 .","01020202","čokoladice-impuls","FERRERO","12395.79","0000020"
"100086","FERR.KINDER DELICE 42G .","01020701","rolati","FERRERO","-34.09","0000020"
"100087","FERR.KINDER COUNTRY T1*40","01020202","čokoladice-impuls","FERRERO","43451.54","0000020"
"100088","FERR.ROCHER T16 200 .","01020302","bombonjere velika pak.","FERRERO","14632.88","0000020"
"100089","FERR.PRESTIGE T28*4","01020302","bombonjere velika pak.","FERRERO","-447.39","0000020"
"100090","FERR.KINDER JOY T72 20G ","01020203","Čokoladna iznenađenja","FERRERO","242888.58","0000020"
"100091","FERR.KINDER JAJE 1*72 ","01020203","Čokoladna iznenađenja","FERRERO","135500.36","0000020"
"100092","FERR.KINDER ČOKOLADA T-4 508*20","01020100","Čokolada","FERRERO","138274.47","0000020"
"100093","FERR.KINDER ČOKOLADA T8*100","01020100","Čokolada","FERRERO","241059.59","0000020"
"100094","FERR.KINDER BUENO 43 .","01020202","čokoladice-impuls","FERRERO","242059.67","0000020"
"100095","FERR.NUTELA 400","01020900","Slatki kremni namazi","FERRERO","134741.07","0000020"
"100096","FERR.NUTELA 200","01020900","Slatki kremni namazi","FERRERO","17928.24","0000020"
"100097","FERR.NUTELLA T750*6 ","01020900","Slatki kremni namazi","FERRERO","248360.30","0000020"
"100099","FERR.RAFAELO T15*6 ","01020302","bombonjere velika pak.","FERRERO","61377.89","0000020"
"100100","FERR.RAFAELO T4 4*16 ","01020301","bombonjere bars","FERRERO","47886.66","0000020"
"100106","BARIL.1 ŠPAG. CAPELINI 500 25/1","01070201","špageti","BARILLA","2984.84","0000003"
"100108","BARIL.98 MAK. FUSILI 500 15/1.","01070202","rezana tjestenina","BARILLA","16779.23","0000003"
"100110","BARIL.3 SPAGHETTINI 1000 18/1","01070201","špageti","BARILLA","850.71","0000003"
"100111","BARIL.5 SPAGHETTI 1000 18/1","01070201","špageti","BARILLA","8491.10","0000003"
"100113","BARIL.5 SPAGHETTI 500 25/1","01070201","špageti","BARILLA","20492.76","0000003"
"100114","BARIL.65 FARFALLE 500 15/1","01070202","rezana tjestenina","BARILLA","3956.11","0000003"
"100115","BARIL.73 PENNE RIGATE 500 15/1","01070202","rezana tjestenina","BARILLA","10408.34","0000003"
"100119","BARILLA S JAJIMA 173 TAGLIERINI 250 12/1","01070203","tjza juhu","BARILLA","8017.81","0000003"
"100123","BARILLA UMAK 400 BASILICO 6/1","01050100","Gotovi umaci","BARILLA","14980.90","0000003"
"100124","BARILLA UMAK 400 POMODORO 6/1","01050100","Gotovi umaci","BARILLA","3427.24","0000003"
"100125","BARILLA UMAK 400 OLIVE 6/1","01050100","Gotovi umaci","BARILLA","1008.46","0000003"
"100126","BARILLA UMAK 400 BOLOGNESE BASE 6/1","01050100","Gotovi umaci","BARILLA","12899.72","0000003"
"100127","BARIL.3 SPAGHETTINI 500 25/1","01070201","špageti","BARILLA","13199.59","0000003"
"100128","BARIL.7 SPAGHETTONI 500 25/1","01070201","špageti","BARILLA","6497.17","0000003"
"100130","BARIL.13 BAVETTE 500 25/1","01070201","špageti","BARILLA","1283.22","0000003"
"100131","BARILLA S JAJIMA 174 TAGLIATELLE 250 20/1","01070204","rezanci","BARILLA","1620.98","0000003"
"100132","BARIL.78 MEZZE PENNE TRICOLORI 500*15","01070202","rezana tjestenina","BARILLA","2034.97","0000003"
"100133","BARILLA S JAJIMA 199 LASAGNE 500 15/1","01070205","specijalna tjestenina","BARILLA","23100.70","0000003"
"100134","BARIL.83 TORTIGLIONI 15*500","01070202","rezana tjestenina","BARILLA","2217.58","0000003"
"100137","BARILLA UMAK 400 NAPOLETANA 6/1","01050100","Gotovi umaci","BARILLA","7810.95","0000003"
"100138","BARIL.91 PIPE RIGATE 500*15","01070202","rezana tjestenina","BARILLA","4509.22","0000003"
"100139","BARILLA UMAK 400 ARRABBIATA 6/1","01050100","Gotovi umaci","BARILLA","3247.30","0000003"
"100140","BARILLA UMAK 190 PESTO AL.GEN. 12/1","01050100","Gotovi umaci","BARILLA","15284.28","0000003"
"100141","BARIL.9 ŠPAGETI BUCATINI 500*24","01070201","špageti","BARILLA","204.96","0000003"
"100142","BARILLA S JAJIMA 176 PAPPARDELLE 250*20","01070204","rezanci","BARILLA","2803.51","0000003"
"100143","BARILLA UMAK PESTO RICOTTA E NOCI 190G (SICILIANA)","01050100","Gotovi umaci","BARILLA","610.30","0000003"
"100144","BARIL.88 CANNELLONI 250*12","01070205","specijalna tjestenina","BARILLA","1286.81","0000003"
"100146","BARILLA UMAK 400 VERDURE CAMPAGNOLE","01050100","Gotovi umaci","BARILLA","174.49","0000003"
"100147","BARIL.167 TAGL. SPINACI 12*500","01070204","rezanci","BARILLA","2564.08","0000003"
"100148","BARILLA UMAK 190 PESTO ROSSO 12/1","01050100","Gotovi umaci","BARILLA","1673.54","0000003"
"100150","BARIL.166 PAPPARDELLE 12*500","01070204","rezanci","BARILLA","983.84","0000003"
"100151","BARIL.MINI 20 PIPE RIGATE 500*18","01070202","rezana tjestenina","BARILLA","7002.29","0000003"
"100152","BARIL.MINI 66 PENNE RIGATE 500*18","01070202","rezana tjestenina","BARILLA","496.01","0000003"
"100155","MB 40 FETTE BISCOTTATE 31532/1","01100606","dvopek +tost","MULINO BIANCO","10269.89","0000051"
"100156","MB PAN DI STELLE 350 12/1","01020504","ostali keksi","MULINO BIANCO","-7.51","0000051"
"100157","MB 40 FETTE INTEGRALE 315*32.","01100606","dvopek +tost","MULINO BIANCO","21763.77","0000051"
"100158","MB GRANCEREALE 18*250 CLASSICO","01130000","dijetno","Grancereale","4525.86","0001446"
"100159","MB GRANCEREALE 18*250 FRUTTA & FIBRA","01130000","dijetno","Grancereale","1636.68","0001446"
"100160","MB PANE 5 CEREALI E SOIA 400*8","01100604","kruh","MULINO BIANCO","5538.66","0000051"
"100161","WASA ORIGINAL 275*12 ","01100606","dvopek +tost","WASA","4878.63","0000081"
"100165","WASA SESAM 12*200 ","01100606","dvopek +tost","WASA","1383.79","0000081"
"100170","PAL.SIR BLUE 100 GR ","01010608","plavi","PALADIN","30756.60","0000056"
"100171","PAL.SIR MOZZARELLA 1000 45%","01010607","mozarela","PALADIN","13592.38","0000056"
"100172","PAL.SIR MOZZARELLA 500 45%.","01010607","mozarela","PALADIN","27198.77","0000056"
"100173","PAL.SIR MOZZARELLA 250 45%","01010607","mozarela","PALADIN","44531.22","0000056"
"100206","UNIG.MARGARIN 500 GRAN-MASTER","01100202","Margarin - za jelo i mije","MASTER","16325.32","0000047"
"100207","UNIG.MARGARIN UVOZ 1*20 ","01100202","Margarin - za jelo i mije","MASTER","14017.04","0000047"
"100209","PURA 1/1 BRAMATA ","01100602","brašno kukuruzno","BRAMATA","18610.37","0000008"
"100210","RIŽA EURICO 1/1-KUT ","01070100","Riža","EURICO","545.78","0000016"
"100211","RIŽA EURICO 1/1-PVC ","01070100","Riža","EURICO","1305.41","0000016"
"100212","RIŽA INTEGRALNA 500 FG ","01070100","Riža","EURICO","4038.59","0000016"
"100213","RIŽA EURICO 1/1 PVC ŽUTA ","01070100","Riža","EURICO","6404.60","0000016"
"100214","SL.ŠEĆER KOCKA ","01140100","šećer bijeli","SAINT LOUIS","7184.83","0000063"
"100215","SL.ŠEĆER KOCKA 1/1 SMEĐA ","01140200","šećer smeđi","SAINT LOUIS","16720.46","0000063"
"100216","SL.ŠEĆER SMEĐI 1/1 KUT ","01140200","šećer smeđi","SAINT LOUIS","1019.54","0000063"
"100217","SL.ŠEĆER SMEĐI 1/2 KUT ","01140200","šećer smeđi","SAINT LOUIS","1598.30","0000063"
"100263","FERR.ROCHER T24*4 DIAMANT","01020302","bombonjere velika pak.","FERRERO","-13.10","0000020"
"100266","HOL.SIR KOZJI 50% 4.5KG ","01010604","sir polutvrdi","FRICO","1402.56","0000025"
"100267","HOL.MEDITERRANEA 1*4.3KG ","01010604","sir polutvrdi","FRICO","493.87","0000025"
"100269","HOL.SIR MASDAST 12/1 ","01010604","sir polutvrdi","FRICO","4915.24","0000025"
"100271","HOL.DIMLJENI SIR ","01010604","sir polutvrdi","FRICO","1575.32","0000025"
"100272","HOL.SIR OLD D.MUSTER ","01010604","sir polutvrdi","FRICO","150.10","0000025"
"100275","PAL.SIR BLUE 50% ","01010608","plavi","PALADIN","25005.05","0000056"
"100276","PAL.SIR BLUE 60% ","01010608","plavi","PALADIN","619.31","0000056"
"100277","PAL.SIR BLUE 65% ","01010608","plavi","PALADIN","758.92","0000056"
"100278","PAL.SIR BAJUVAL EMENTALER48%","01010604","sir polutvrdi","PALADIN","19328.95","0000056"
"100291","PIK ŠUNKA ZA PICU 5300","01040200","POLUTRAJNO MESO","PIK","21087.82","0000060"
"100300","TAK.ŠEĆER 1/1 ","01140100","šećer bijeli","tak","10471.05","0000074"
"100301","VIOL.TOAL.VLAŽNI PAPIR 40/1DELUXE","06060000","Vlažni toaletni papir","VIOLETA","7758.19","0000078"
"100303","TAK.ŠEĆER 5/1 ","01140100","šećer bijeli","tak","3578.83","0000074"
"100304","TAK.ŠEĆER 10/1 ","01140100","šećer bijeli","tak","567.81","0000074"
"100305","VIOL.MARAMICE 10/1 MENTOL 3 SL","06030000","Papirne maramice","VIOLETA","8619.61","0000078"
"100306","VIOL.MARAMICE 10/1 LJUBIČICA 3 SL","06030000","Papirne maramice","VIOLETA","13744.09","0000078"
"100307","VIOL.SALVETE 33*33 250/1 1SLBIJELE","06020000","Papirne salvete","VIOLETA","31361.79","0000078"
"100308","TAK.ŠEĆER SMEĐI 1000 ","01140200","šećer smeđi","tak","19006.67","0000074"
"100317","TAK.KOKOS BRAŠNO 100 GR ","01021100","SASTAVCI ZA KOLAČE","tak","397.92","0000074"
"100327","VIOL.BRISAČI 2/1 2SL ","06040100","Papirni ručnici (1sl,2sl)","VIOLETA","150335.72","0000078"
"100328","PAL.SIR EDAMER ","01010604","sir polutvrdi","PALADIN","505346.39","0000056"
"100329","PAL.SIR GOUDA","01010604","sir polutvrdi","PALADIN","323966.38","0000056"
"100331","VIOL.MARAMICE 10/1 MINI*8 3SL","06030000","Papirne maramice","VIOLETA","11986.53","0000078"
"100332","PIK PIKO PARIZER","01040200","POLUTRAJNO MESO","PIK","39753.96","0000060"
"100336","TAK.KOKOS BRAŠNO 200 GR ","01021100","SASTAVCI ZA KOLAČE","tak","2621.53","0000074"
"100338","VIOL.MARAMICE 10/1 KAMILICA 3SL","06030000","Papirne maramice","VIOLETA","14163.69","0000078"
"100347","TAK.RIŽA DUGO ZRNO (SMEĐA) 800","01070100","Riža","tak","25735.85","0000074"
"100350","TAK.KUKURUZNA KRUPICA 750","01100602","brašno kukuruzno","tak","714.61","0000074"
"100355","PIK ŠUNKA U OVITKU ","01040200","POLUTRAJNO MESO","PIK","138588.77","0000060"
"100358","VIOL.BABY VL.MARAM.80 S KAMILICOM","04030300","Dječije vlažne maramice ","VIOLETA","16941.95","0000078"
"100361","PIK KUHANA ŠUNKA KG","01040200","POLUTRAJNO MESO","PIK","14441.38","0000060"
"100362","PIK MORTADELA PIK .","01040200","POLUTRAJNO MESO","PIK","68151.48","0000060"
"100375","VICT.PARAD.KONC.690*12 ","01100404","Sos paradajz","VICTORIA","1075.15","0000076"
"100376","VIOL.TOAL.PAP. PARF.8/1 2.SLOJNI.","06010100","Toaletni papir (1sl,2sl)","VIOLETA","216657.41","0000078"
"100377","VIOL.TOAL.PAPIR PARF.24/12SL","06010100","Toaletni papir (1sl,2sl)","VIOLETA","437079.80","0000078"
"100378","PIK DIMLJENA ROLANA LOPATICA","01040200","POLUTRAJNO MESO","PIK","81.80","0000060"
"100379","PIK DIMLJ.SJ.USKRŠNJA ŠUNKA","01040200","POLUTRAJNO MESO","PIK","40972.73","0000060"
"100380","PIK DIMLJENA VRATINA BK ","01040402","MESO TRAJNO-PRŠUT,PEČENIC","PIK","18492.41","0000060"
"100383","VIOL.SALVETE 33*33 50/1 2SLBIJELE","06020000","Papirne salvete","VIOLETA","5328.41","0000078"
"100386","VIOL.MARAMICE 10/1 LAVANDA 3 SL","06030000","Papirne maramice","VIOLETA","11259.06","0000078"
"100390","VICT.GRAH ŠARENI L1/2*24 ","01120202","konzervirano povrće","VICTORIA","108.84","0000076"
"100409","VICT.500 PUREE DE TOMATES","01100404","Sos paradajz","VICTORIA","647.58","0000076"
"100411","VIOL.SALVETE SUPER SOFT 38*382SLBIJELE","06020000","Papirne salvete","VIOLETA","10236.41","0000078"
"100412","VIOL.SALVETE SUPER SOFT 38*382SLZELENE","06020000","Papirne salvete","VIOLETA","-4.75","0000078"
"100418","TAK.RIŽA 800 OKRUGLO ZRNO","01070100","Riža","tak","13821.82","0000074"
"100419","VIOL.SALVETE SUPER SOFT 38*382SLPLAVE","06020000","Papirne salvete","VIOLETA","4903.61","0000078"
"100420","VIOL.SALVETE SUPER SOFT 38*382SLROZE","06020000","Papirne salvete","VIOLETA","7152.60","0000078"
"100422","VIOL.SALVETE SUPER SOFT 38*382SLBEŽ","06020000","Papirne salvete","VIOLETA","10528.46","0000078"
"100427","EVIAN 0.5L EVIAN 0.5L","02030101","Negazirana voda u bocama","EVIAN","662.55","0000017"
"100428","EVIAN 1.5L ","02030101","Negazirana voda u bocama","EVIAN","256.52","0000017"
"100429","VIOL.BRISAČI 4/1 2SL ","06040100","Papirni ručnici (1sl,2sl)","VIOLETA","111691.34","0000078"
"100430","VIOL.SALVETE 33*33 100/1 1SLBIJELE","06020000","Papirne salvete","VIOLETA","41109.79","0000078"
"100433","GP.CRACKER 250*12 SALATI ","01030102","Druge slane grickalice","GRAN PAVESI","-4.21","0000029"
"100435","GP.CRACKER 250*12 NON SALATI","01030102","Druge slane grickalice","GRAN PAVESI","-20.43","0000029"
"100445","FERR.ROCHER T28*36 STOŽAC","01020302","bombonjere velika pak.","FERRERO","567.28","0000020"
"100447","PIK TIROLSKA KOB.FI 90 ","01040200","POLUTRAJNO MESO","PIK","13659.77","0000060"
"100458","TRENT.MASLINE ZEL.370 U SALAMURI","01120204","masline","TRENTON","386.04","0000075"
"100459","VIOL.MARAMICE CLASSIC 10/1 3SL","06030000","Papirne maramice","VIOLETA","46179.96","0000078"
"100462","VIOL.BABY VL.MARAM.72 SOFT CARE","04030300","Dječije vlažne maramice ","VIOLETA","39702.15","0000078"
"100465","FERR.KINDER SCHOKO-BONS 125GR","01020204","Čokoladni zalogaji","FERRERO","57484.10","0000020"
"100469","SL.ŠEĆER SMEĐI 750 LOMLJ.","01140200","šećer smeđi","SAINT LOUIS","2255.78","0000063"
"100482","MB GRANCEREALE 18*230 CROCCANTE","01130000","dijetno","Grancereale","1343.13","0001446"
"100488","PIK MORTADELA S MASLINAMAFI160","01040200","POLUTRAJNO MESO","PIK","34764.92","0000060"
"100490","VIOL.SALVETE 33*33 100/1 1SLŽUTE","06020000","Papirne salvete","VIOLETA","7897.81","0000078"
"100491","FERR.KINDER BUENO WHITE T2*30","01020202","čokoladice-impuls","FERRERO","146117.09","0000020"
"100493","HIGI BABY VL.MARAMICE 72/1","04030300","Dječije vlažne maramice ","HIGI","35573.93","0000032"
"100495","VIOL.SALVETE 33*33 100/1 1SLROZE","06020000","Papirne salvete","VIOLETA","6171.92","0000078"
"100570","VIOL.SALVETE DEKOR 38*38 50/12SLBIJELE","06020000","Papirne salvete","VIOLETA","9932.99","0000078"
"100571","VIOL.SALVETE DEKOR 38*38 50/12SLCRVENE","06020000","Papirne salvete","VIOLETA","4305.95","0000078"
"100584","FERR.KINDER MAXI T1*36*8 21G","01020202","čokoladice-impuls","FERRERO","-36.97","0000020"
"100585","FERR.ROCHER T4*16 ","01020301","bombonjere bars","FERRERO","22396.10","0000020"
"100588","FERR.COLLECTION T24*4 .","01020302","bombonjere velika pak.","FERRERO","773.05","0000020"
"100616","BARIL.INTEGRALI 5 SPAGHETTI 500*20","01070201","špageti","BARILLA","3815.39","0000003"
"100617","BARIL.INTEGRALI PENNETTE RIGATE 500*18","01070202","rezana tjestenina","BARILLA","2321.62","0000003"
"100618","MB GRANCEREALE 18*230 FAVE DI CACAO","01130000","dijetno","Grancereale","5126.33","0001446"
"100631","PIK ŠUNKA DELIKATES VP","01040200","POLUTRAJNO MESO","PIK","2820.63","0000060"
"100636","VICT.ACETO BALSAMICO 500ML*12","01100300","Sirće","VICTORIA","298.35","0000076"
"100641","PIK DIMLJENA ROL.LOPATICASKOŽOMVP","01040200","POLUTRAJNO MESO","PIK","31305.34","0000060"
"100643","BELJE BARANJSKI KULEN ","01040401","meso trajno-salame","PIK","1787.91","0000060"
"100644","BELJE KULENOVA SEKA ","01040401","meso trajno-salame","PIK","151.18","0000060"
"100652","TAK.RIŽA DUGO ZRNO BIJELA","01070100","Riža","tak","3413.80","0000074"
"100662","VIOL.SALVETE 33*33 250/1 1SL(DEKORPLAVI)","06020000","Papirne salvete","VIOLETA","-5.31","0000078"
"100663","VIOL.SALVETE 33*33 100/1 1SL(DEKORPLAVI)","06020000","Papirne salvete","VIOLETA","36.29","0000078"
"100672","MB PANCARRE 285 G","01100604","kruh","MULINO BIANCO","31444.33","0000051"
"100673","VIOL.TOAL.VLAŽNI PAPIR 60/1SAEKSTRAKTOMNEVENA","06060000","Vlažni toaletni papir","VIOLETA","30926.73","0000078"
"100674","PIK MORTADELA 500GR ","01040200","POLUTRAJNO MESO","PIK","21996.52","0000060"
"100675","PIK PIKO PARIZER 400GR ","01040200","POLUTRAJNO MESO","PIK","38541.50","0000060"
"100679","FERR.RAFFAELLO T23*8 ","01020302","bombonjere velika pak.","FERRERO","61217.10","0000020"
"100685","FERR.ROCHER T30*3 .","01020302","bombonjere velika pak.","FERRERO","78.32","0000020"
"100687","VIOL.PAP.RUČNIK  JUMBO 3SL 8U1 ","06040200","Papirni ručnici (3sl,4sl)","VIOLETA","80986.03","0000078"
"100691","VIOL.SALVETE DEKOR 38*38 50/12SLPLAVE","06020000","Papirne salvete","VIOLETA","2611.88","0000078"
"100693","VIOL.SALVETE DEKOR BOJA VINA38*38 50/12SL","06020000","Papirne salvete","VIOLETA","8476.06","0000078"
"100733","TAK.ŠEĆER SMEĐI 500GR ","01140200","šećer smeđi","tak","3253.70","0000074"
"100734","FERR.NUTELLA & GO T1*24 ","01020900","Slatki kremni namazi","FERRERO","19439.81","0000020"
"100763","PIK TIROLSKA KOBASICA 400G","01040200","POLUTRAJNO MESO","PIK","14169.57","0000060"
"100769","PIK BEČKA SALAMA 650G VAK","01040401","meso trajno-salame","PIK","11223.57","0000060"
"100771","PIK ČAJNA KOBASICA XXL 650GVAK","01040401","meso trajno-salame","PIK","30137.35","0000060"
"100772","PIK ZIMSKA SALAMA 650G VAK","01040401","meso trajno-salame","PIK","11570.34","0000060"
"101087","FERR.KINDER MAXI T6*20 .","01020202","čokoladice-impuls","FERRERO","5005.27","0000020"
"101088","PIK ŠUNKA U OVITKU 400GR ","01040200","POLUTRAJNO MESO","PIK","49055.82","0000060"
"101090","VIOL.MARAMICE MENTOL 1/1 3 SL","06030000","Papirne maramice","VIOLETA","0.47","0000078"
"101144","VIOL.MARAMICE LAVANDA 1/1 3 SL","06030000","Papirne maramice","VIOLETA","0.17","0000078"
"101145","VIOL.MARAMICE KAMILICA 1/ 1 3 SL","06030000","Papirne maramice","VIOLETA","0.30","0000078"
"101146","VIOL.MARAMICE LJUBIČICA 1 /1 3 SL","06030000","Papirne maramice","VIOLETA","0.15","0000078"
"101652","TRENT.MAS.ZEL.ODKOŠTIČENE 2500 U SALAMURI","01120204","masline","TRENTON","27.92","0000075"
"101757","VIOL.MARAMICE CLASSIC 1/1 3SL","06030000","Papirne maramice","VIOLETA","0.81","0000078"
"101916","PIK ZIMSKA SALAMA 330G VAK","01040401","meso trajno-salame","PIK","13817.13","0000060"
"101917","PIK ČAJNA KOB XXL 330G VAK","01040401","meso trajno-salame","PIK","23970.66","0000060"
"101953","TRENT.MASL.ZEL.660 ODKOŠTIČENE","01120204","masline","TRENTON","3124.27","0000075"
"101979","PAL.SIR EDAMER 1000 ","01010604","sir polutvrdi","PALADIN","15954.54","0000056"
"101980","PAL.SIR EDAMER 500 ","01010604","sir polutvrdi","PALADIN","62020.98","0000056"
"101981","PAL.SIR GOUDA 1000 ","01010604","sir polutvrdi","PALADIN","14217.27","0000056"
"101982","PAL.SIR GOUDA 500 ","01010604","sir polutvrdi","PALADIN","47890.08","0000056"
"102314","FERR.KINDER FIGURA CAVA T110G*144","01020205","Čokolade sezonske","FERRERO","184.23","0000020"
"102317","EHR.ROBBY 4 YOU 3+1 GRATIS","01010500","Mlječni deserti","EHRMANN","879.71","0000015"
"102435","FERR.KINDER JAJE NOVOGODIŠNJE 20G","01020203","Čokoladna iznenađenja","FERRERO","-60.61","0000020"
"102904","PIK ŠUNKA FINA VAK KG","01040200","POLUTRAJNO MESO","PIK","5958.65","0000060"
"139327","DR.OET.HRSKAVE BADEM PAHULJICE 375g","01080000","Žitarice za doručak","dr.oetker","-218.26","0001064"
"141163","DR.OET.PUDING JAGODA X3 120g","01021100","SASTAVCI ZA KOLAČE","dr.oetker","1078.34","0001064"
"141164","DR.OET.PIKANT FIX-KISELI 100g","01021100","SASTAVCI ZA KOLAČE","dr.oetker","-24.05","0001064"
"151611","DR.OET.PUDING ČOKOLADA 3/1","01021100","SASTAVCI ZA KOLAČE","dr.oetker","-1.38","0001064"
"161764","DR.OET.PRAŠAK ZA PECIVO 12g","01021100","SASTAVCI ZA KOLAČE","dr.oetker","1053.65","0001064"
"161765","DR.OET.KREMA ZA TORTE VANILIJA 45g","01021100","SASTAVCI ZA KOLAČE","dr.oetker","4524.97","0001064"
"161766","DR.OET.PRAŠAK ZA PECIVO 5+1 8/1 72g","01021100","SASTAVCI ZA KOLAČE","dr.oetker","20728.67","0001064"
"161767","DR.OET.PUDING VANILIJA 3/1","01021100","SASTAVCI ZA KOLAČE","dr.oetker","-70.60","0001064"
"163411","DR.OET.GUSTIN + 25%GRATIS 250g","01021100","SASTAVCI ZA KOLAČE","dr.oetker","5666.82","0001064"
"172193","DR.OET.KREMA ZA TORTE ČOKOLADA 65g","01021100","SASTAVCI ZA KOLAČE","dr.oetker","2615.38","0001064"
"172194","DR.OET.PRELJEV ZA TORTE CRVENI 12g","01021100","SASTAVCI ZA KOLAČE","dr.oetker","4386.84","0001064"
"172197","DR.OET.TIRAMISU P10","01021100","SASTAVCI ZA KOLAČE","dr.oetker","-2.44","0001064"
"182526","DR.OET.ŽELATINA SVIJETLA MLJEVENA 10g","01021100","SASTAVCI ZA KOLAČE","dr.oetker","4976.97","0001064"
"192882","DR.OET.PUDING MALINA X3 120g","01021100","SASTAVCI ZA KOLAČE","dr.oetker","1164.58","0001064"
"201312","DR.OET.KVASAC INSTANT X4 28g","01100500","Sol i kvasac","dr.oetker","3831.56","0001064"
"203262","DR.OET.PRELJEV ZA TORTE 12g","01021100","SASTAVCI ZA KOLAČE","dr.oetker","3088.30","0001064"
"203263","DR.OET.LIMUNSKA KISELINA 20g","01021100","SASTAVCI ZA KOLAČE","dr.oetker","846.83","0001064"
"203264","DR.OET.PUDING VANILIJA 38g","01021100","SASTAVCI ZA KOLAČE","dr.oetker","1661.99","0001064"
"203265","DR.OET.VANILIN ŠEĆER 5+1 16/2 60g","01021100","SASTAVCI ZA KOLAČE","dr.oetker","8696.04","0001064"
"203269","DR.OET.INSTANT ŽELATINA FIX P-30 20g","01021100","SASTAVCI ZA KOLAČE","dr.oetker","3609.41","0001064"
"211701","DR.OET.VITALIS CR.HONEYS MUESLI","01080000","Žitarice za doručak","dr.oetker","51.34","0001064"
"213577","DR.OET.KREMFIX 10-UČVRŠĆ.ŠLAGA 10g","01021100","SASTAVCI ZA KOLAČE","dr.oetker","1692.54","0001064"
"213578","DR.OET.DŽEMFIX ZA ŽELIRANJE 2:1 25G","01021100","SASTAVCI ZA KOLAČE","dr.oetker","48.05","0001064"
"213581","DR.OET.PUDING BANANA X3 120g","01021100","SASTAVCI ZA KOLAČE","dr.oetker","1019.79","0001064"
"213582","DR.OET.CIOBAR TOPLA ČOKOL.P-45 25g","01010400","Instant čokoladni napici","dr.oetker","3764.56","0001064"
"213585","DR.OET.PUDING KOMADIĆI ČOKOLADE 54g","01021100","SASTAVCI ZA KOLAČE","dr.oetker","515.68","0001064"
"221219","DR.OET.PUDING VANILIJA 3+1GRATIS 152g","01021100","SASTAVCI ZA KOLAČE","dr.oetker","17061.87","0001064"
"221220","DR.OET.PUDING ČOKOLADA 3+1GRATIS 196g","01021100","SASTAVCI ZA KOLAČE","dr.oetker","6398.26","0001064"
"225976","VIOT.ZA PIZZA 2,5KG ","01010604","sir polutvrdi","viotros","9596.76","0000300"
"225977","VIOT.ZA TOAST 2,5KG ","01010604","sir polutvrdi","viotros","5412.82","0000300"
"226018","VIOT.ZA PIZZA 400 ","01010604","sir polutvrdi","viotros","4898.18","0000300"
"226019","VIOT.ZA PIZZA 200 ","01010604","sir polutvrdi","viotros","5075.98","0000300"
"226020","VIOT.ZA TOAST 400 ","01010604","sir polutvrdi","viotros","1750.51","0000300"
"226021","VIOT.ZA TOAST 200 ","01010604","sir polutvrdi","viotros","1858.31","0000300"
"229537","VIOL.SALVETE SUPER SOFT 38*38 2SLNARANČASTE25/1","06020000","Papirne salvete","VIOLETA","5033.97","0000078"
"230698","EHR.ROBBY 4 YOU 100GR ","01010500","Mlječni deserti","EHRMANN","35868.29","0000015"
"230722","PIK PANONA SALAMA VAK .","01040401","meso trajno-salame","PIK","19251.60","0000060"
"230847","EHR.C.PUDING ČOKOLADA 100 3+1GRATIS","01010500","Mlječni deserti","EHRMANN","-2.82","0000015"
"235831","PIETRO CORICELLI EXTRA DJEV.MASL.ULJE 1L","01100102","Specijalna jestiva ulja","CIRIO","117.00","0000875"
"235832","PIETRO CORICELLI ULJE OD KOMINE 1L","01100102","Specijalna jestiva ulja","CIRIO","44.33","0000875"
"238748","VIOL.TOAL.PAP.(3859892288037)10/1 3SL LJUBIČICA","06010200","Toaletni papir (3sl,4sl)","Violeta-HR","-3.52","0001281"
"238750","VIOL.TOAL.PAP.(3859892288051) 16/1 3SL LAVANDA","06010200","Toaletni papir (3sl,4sl)","Violeta-HR","650.08","0001281"
"238752","VIOL.TOAL.PAP.(3859892288075) 16/1 3SL BEZ BOJE I","06010200","Toaletni papir (3sl,4sl)","Violeta-HR","762.28","0001281"
"239897","VITA PELENE ZA ODRASLE 10 M SUPER","04020200","Pelene za odrasle","VIOLETA","5918.95","0000078"
"241063","DR.OET.ŠLAG PJENA CLASSIC 2+1GRATIS 144g","01021100","SASTAVCI ZA KOLAČE","dr.oetker","4795.98","0001064"
"242169","VITA PELENE ZA ODRASLE 20 M SUPER","04020200","Pelene za odrasle","VIOLETA","8673.81","0000078"
"242170","VITA PELENE ZA ODRASLE 20 M SUPER+","04020200","Pelene za odrasle","VIOLETA","7401.43","0000078"
"242171","VITA PELENE ZA ODRASLE 10 L SUPER","04020200","Pelene za odrasle","VIOLETA","7988.28","0000078"
"242173","VITA PELENE ZA ODRASLE 20 L SUPER","04020200","Pelene za odrasle","VIOLETA","15659.79","0000078"
"242174","VITA PELENE ZA ODRASLE 20 L SUPER+","04020200","Pelene za odrasle","VIOLETA","19640.63","0000078"
"242175","VITA PELENE - GAĆICE ZA ODRASLE 10 M SUPER","04020200","Pelene za odrasle","VIOLETA","17228.64","0000078"
"242179","VITA PELENE - GAĆICE ZA ODRASLE 10 L SUPER","04020200","Pelene za odrasle","VIOLETA","30250.09","0000078"
"244093","FERR.TIC-TAC MINT T100*24 .","01021002","dropsi","FERRERO","201.46","0000020"
"244094","FERR.TIC-TAC ORANGE T100*24.","01021002","dropsi","FERRERO","22629.17","0000020"
"246184","FERR.KINDER JAJA MAXI K 2,5*96","01020205","Čokolade sezonske","FERRERO","9922.52","0000020"
"246464","VIOL.SALVETE SUPER SOFT 38*38 LILA 25/1","06020000","Papirne salvete","VIOLETA","6121.06","0000078"
"246601","VIOL.PAP.RUČNIK 1/1 JUMBO TETA VIOLETA FA","06040200","Papirni ručnici (3sl,4sl)","Violeta-HR","18837.65","0001281"
"246603","VIOL.PAP.RUČNIK 2/1 JUMBO TETA VIOLETA FA","06040200","Papirni ručnici (3sl,4sl)","Violeta-HR","16165.60","0001281"
"247346","VIOL.TOAL.PAPIR 9+3GRATIS 3SL","06010200","Toaletni papir (3sl,4sl)","VIOLETA","169846.15","0000078"
"250956","PIK DEBRECINKA 440 VAK.","01040300","Hrenovke i kobasice za ku","PIK","8972.76","0000060"
"251182","VIOL.VL.MARAM.MAKE UP 10 MINI","06050000","Vlažne maramice","VIOLETA","-1.30","0000078"
"251673","VIOL.VL. MARAM.MAKE-UP 25 (3870128004009)  ","06050000","Vlažne maramice","VIOLETA","-10.67","0000078"
"251680","VIOL.FR.MARAM.DEO SENSITIVE 18/1.","06050000","Vlažne maramice","VIOLETA","12195.42","0000078"
"251681","VIOL.FR.MARAM.SPRING FLOWER 18/1.","06050000","Vlažne maramice","VIOLETA","6448.17","0000078"
"251682","VIOL.FR.MARAM.CITRUS 18/1","06050000","Vlažne maramice","VIOLETA","9397.66","0000078"
"251683","VIOL.FR.MARAM.POLAR ICE 18/1.","06050000","Vlažne maramice","VIOLETA","7333.79","0000078"
"251684","VIOL.VL.MARAMICE INTIMO 18/1","06050000","Vlažne maramice","VIOLETA","1867.61","0000078"
"251685","VIOL.VL. MARAMICE INTIMO 15/1","06050000","Vlažne maramice","VIOLETA","74.09","0000078"
"253827","MB PANE AL GRANO DURO .","01100604","kruh","MULINO BIANCO","7107.34","0000051"
"255107","VIOL.MARAMICE CLASSIC 10/1 4SL","06030000","Papirne maramice","VIOLETA","6273.41","0000078"
"258438","MB CUOR DI MELA 300*12","01020504","ostali keksi","MULINO BIANCO","1487.52","0000051"
"258439","MB ABBRACCI 350*12 .","01020504","ostali keksi","MULINO BIANCO","720.34","0000051"
"258445","BARIL.5 SPAGHETTI 5000 ,","01070201","špageti","BARILLA","1047.03","0000003"
"258446","BARIL.TAGLITELLE DI SEMOLA SFUSE 6000","01070204","rezanci","BARILLA","133.96","0000003"
"258478","BARIL.73 PENNE RIGATE 5000*3","01070202","rezana tjestenina","BARILLA","3959.77","0000003"
"258684","VIOL.MARAMICE COOL&FRESH 10/1 4SL","06030000","Papirne maramice","VIOLETA","13.20","0000078"
"258983","BARIL.98 FUSILLI 5000*3","01070202","rezana tjestenina","BARILLA","1184.27","0000003"
"260426","BARIL.16 TAGLIATELLE 12*500","01070204","rezanci","BARILLA","4379.81","0000003"
"260494","VIOL.FRESH VL. MARAMICE ZA RESTORANE 100/1","06050000","Vlažne maramice","VIOLETA","183.32","0000078"
"262286","PIK DIMLJENA VRATINA 1/2 VAK U","01040402","MESO TRAJNO-PRŠUT,PEČENIC","PIK","30404.74","0000060"
"263833","VIOL.PAP.RUČNICI TETA VIOLETA ZA STAKLO 1/1","06040200","Papirni ručnici (3sl,4sl)","Violeta-HR","12816.91","0001281"
"264133","FERR.KINDER JAJE LEI 1*72 .","01020203","Čokoladna iznenađenja","FERRERO","47643.11","0000020"
"266306","VIOL.VL.MARAM.MAKE UP 60 .","06050000","Vlažne maramice","VIOLETA","-28.08","0000078"
"266865","PIK ČAJNA KOBASICA NAR 100 G MA","01040401","meso trajno-salame","PIK","8060.62","0000060"
"266866","PIK VRBOVEČKA NAR 100 G MA","01040401","meso trajno-salame","PIK","1937.57","0000060"
"266867","PIK PANONA NAR 100 G MA .","01040401","meso trajno-salame","PIK","2911.04","0000060"
"266868","PIK ZIMSKA SALAMA NAR 100 G MA","01040401","meso trajno-salame","PIK","6309.75","0000060"
"266899","DR.OET.KVASAC INSTANT 100g","01100500","Sol i kvasac","dr.oetker","1906.08","0001064"
"267683","FERR.KINDER ČOKOLADA T12 T12*24","01020100","Čokolada","FERRERO","-51.62","0000020"
"272117","VIOL.TOAL.PAPIR 10/1 3SL (8+2 GRATIS)","06010200","Toaletni papir (3sl,4sl)","VIOLETA","41042.48","0000078"
"273166","PIK BEČKA SALAMA 330 G ","01040401","meso trajno-salame","PIK","10312.25","0000060"
"273555","VIOL.PAP.RUČNICI TETA VIOLETA PICNIC 2/1","06040200","Papirni ručnici (3sl,4sl)","Violeta-HR","11703.52","0001281"
"274839","FERR.NUTELLA T15*60 .","01020900","Slatki kremni namazi","FERRERO","749.96","0000020"
"279002","VIOL.MARAMICE MINI KIDS 10/1 4SL.","06030000","Papirne maramice","VIOLETA","5095.69","0000078"
"279028","PIK ROŠTILJSKA KOB 460G .","01040300","Hrenovke i kobasice za ku","PIK","6917.16","0000060"
"279275","FERR.TIC-TAC MINT T37 T1*24*12.","01021002","dropsi","FERRERO","14135.08","0000020"
"279276","FERR.TIC-TAC ORANGE T37 T1*24*12.","01021002","dropsi","FERRERO","20050.75","0000020"
"280798","VIOL.HIG.UL.KANTARION SENSITIVE NORMAL 10/1","03080100","Higijenski ulošci i tampo","VIOLETA","4039.40","0000078"
"280802","VIOL.HIG.UL.KANTARION SENSITIVE SUPER+ 10","03080100","Higijenski ulošci i tampo","VIOLETA","7235.82","0000078"
"282646","FAVORIT EDEL KOBASICA 450G MA","01040401","meso trajno-salame","favorit","13816.31","0001240"
"283067","MB PAN BAULETTO BIANCO 400 G","01100604","kruh","MULINO BIANCO","17322.91","0000051"
"283068","MB PAN BAULETTO INTEGRALE 400 G","01100604","kruh","MULINO BIANCO","38549.68","0000051"
"283471","PIK MORTADELA FAVORIT VAK KG","01040200","POLUTRAJNO MESO","favorit","549.76","0001240"
"284173","VIOL.PODLOŠKE ZA PREVIJANJE BEBA","04020300","Podlošci za bebe","VIOLETA","3454.17","0000078"
"286295","FERR.ROCHER T6 CUBETTO .","01020302","bombonjere velika pak.","FERRERO","621.87","0000020"
"286302","FERR.KINDER JAJE T3*128 .","01020203","Čokoladna iznenađenja","FERRERO","3117.29","0000020"
"286411","FERR.RAFFAELLO T7*144 CUBETTO","01020302","bombonjere velika pak.","FERRERO","-3.42","0000020"
"286560","UNIG.MARGARIN UVOZ 250 ","01100202","Margarin - za jelo i mije","MASTER","3443.04","0000047"
"287340","PIK ZIMSKA SALAMA KG ","01040401","meso trajno-salame","PIK","5.72","0000060"
"287586","VIOT. DELI PIZZA & TOAST 2,5 KG","01010604","sir polutvrdi","viotros","3.46","0000300"
"290588","FILIZ 3 ŠPAGETI 24*400","01070201","špageti","FILIZ","33604.73","0000021"
"290591","FILIZ 30 VERMICELLI 24*400","01070203","tjza juhu","FILIZ","20909.32","0000021"
"290592","FILIZ 35 ELBOW 24*400 ","01070202","rezana tjestenina","FILIZ","40084.25","0000021"
"290593","FILIZ 47 DITALINI 24*400 ","01070202","rezana tjestenina","FILIZ","696.64","0000021"
"290595","FILIZ 5 ŠPAGETI 24*400 ","01070201","špageti","FILIZ","22687.13","0000021"
"290596","FILIZ 505 FARFALLE TONDE 24*400","01070202","rezana tjestenina","FILIZ","2668.28","0000021"
"290597","FILIZ 65 FARFALLE 24*400 ","01070202","rezana tjestenina","FILIZ","7834.65","0000021"
"290598","FILIZ 73 PENNE RIGATE 24*400","01070202","rezana tjestenina","FILIZ","34732.26","0000021"
"290599","FILIZ 91 PIPE RIGATE 24*400","01070202","rezana tjestenina","FILIZ","15126.26","0000021"
"290600","FILIZ 93 SHELL 24*400 ","01070202","rezana tjestenina","FILIZ","6381.63","0000021"
"290601","FILIZ 94 SEDANINI 24*400 ","01070202","rezana tjestenina","FILIZ","3617.81","0000021"
"290602","FILIZ 98 FUSILLI 24*400 ","01070202","rezana tjestenina","FILIZ","47281.65","0000021"
"290603","FILIZ 99 TAGLIATELLE 24*400","01070202","rezana tjestenina","FILIZ","-1.97","0000021"
"290606","FILIZ 27 STELLINE 24*400 ","01070203","tjza juhu","FILIZ","2133.27","0000021"
"290792","PIK PANONA SALAMA SA PAPRIKOM FI 80","01040401","meso trajno-salame","PIK","3752.36","0000060"
"291114","CIRIO VINSKI OCAT CRVENI 0.5 L","01100300","Sirće","CIRIO","-4.42","0000875"
"291122","FERR.GIOTTO T9*15 .","01020301","bombonjere bars","FERRERO","25237.75","0000020"
"291124","FERR.KINDER MINI EGGS T100*192","01020205","Čokolade sezonske","FERRERO","5249.80","0000020"
"292901","VITA PELENE ZA ODRASLE SUPER PLUS 20 XL","04020200","Pelene za odrasle","VIOLETA","9316.79","0000078"
"293676","MB PANCARRE 430G*15 ","01100604","kruh","MULINO BIANCO","18624.40","0000051"
"296951","PAL.SIR MOZZARELLA 125G 45%","01010607","mozarela","PALADIN","4328.94","0000056"
"297180","BARILLA UMAK 400 RICOTTA 6/1","01050100","Gotovi umaci","BARILLA","453.71","0000003"
"297358","VIOL.BABY VL.MARAMICE BADEM 56/1","04030300","Dječije vlažne maramice ","VIOLETA","19193.65","0000078"
"297778","VIOL.TOAL.PAPIR BRESKVA 24/12SL","06010100","Toaletni papir (1sl,2sl)","VIOLETA","104251.37","0000078"
"297904","VIOL.DNEVNI UL.KANTARION 20/1","03080200","Dnevni ulošci","VIOLETA","15456.73","0000078"
"297905","VIOL.DNEVNI UL.KANTARION 50/1","03080200","Dnevni ulošci","VIOLETA","17232.62","0000078"
"297949","BARILLA 98 INTEGRALI FUSILLI","01070202","rezana tjestenina","BARILLA","2509.68","0000003"
"298649","VITA VLAŽNE MARAMICE ZA ODRASLE 48/1 ALOE VERA","06050000","Vlažne maramice","VIOLETA","3227.63","0000078"
"299894","BARILLA UMAK 400 BOLOGNESE 6/1","01050100","Gotovi umaci","BARILLA","2187.33","0000003"
"300181","DR.OET.PRELJEV ZA TORTE JAGODA 12g","01021100","SASTAVCI ZA KOLAČE","dr.oetker","307.75","0001064"
"300182","DR.OET.AROMA VANILIJA BOČICA 38g","01021100","SASTAVCI ZA KOLAČE","dr.oetker","3191.55","0001064"
"300183","DR.OET.AROMA RUM BOČICA 38g","01021100","SASTAVCI ZA KOLAČE","dr.oetker","3546.05","0001064"
"300184","DR.OET.FINESSE-KORICA NARANČE 12g","01021100","SASTAVCI ZA KOLAČE","dr.oetker","-8.55","0001064"
"300185","DR.OET.FINESSE-KORICA LIMUNA 12g","01021100","SASTAVCI ZA KOLAČE","dr.oetker","293.51","0001064"
"300186","DR.OET.ŠARENO PISMO X4 76g","01021100","SASTAVCI ZA KOLAČE","dr.oetker","474.18","0001064"
"300191","DR.OET.BADEM LISTIĆI ","01021100","SASTAVCI ZA KOLAČE","dr.oetker","1570.28","0001064"
"300192","DR.OET.DEK LJEŠNJAK KROKANT 100g","01021100","SASTAVCI ZA KOLAČE","dr.oetker","-100.42","0001064"
"300193","DR.OET.DŽEMFIX CLASSIC 1:1 20g","01021100","SASTAVCI ZA KOLAČE","dr.oetker","-98.19","0001064"
"300194","DR.OET.DŽEMFIX/GELFIX SUPER 3:1 25g","01021100","SASTAVCI ZA KOLAČE","dr.oetker","-829.47","0001064"
"300425","VIOL.PELENE DC JUMBO 76 (2MINI 3-6KG) S MARAM.","04020100","Pelene za djecu","Violeta Double Care","-69.67","0001500"
"300673","VIOL.BABY VL.MARAMICE BADEM 56/1 DUOPACK","04030300","Dječije vlažne maramice ","VIOLETA","11028.74","0000078"
"300778","FERR.TIC-TAC STRAWBERRY MIX T100*24","01021002","dropsi","FERRERO","-11.92","0000020"
"301287","VIOL.DNEVNI UL.SOFT TOUCH NORMAL 50/1","03080200","Dnevni ulošci","VIOLETA","5678.88","0000078"
"301288","VIOL.DNEVNI UL.SOFT TOUCH NORMAL 20/1","03080200","Dnevni ulošci","VIOLETA","7093.16","0000078"
"301289","VIOL.DNEVNI UL.SOFT TOUCH ALOE 50/1","03080200","Dnevni ulošci","VIOLETA","5089.89","0000078"
"301290","VIOL.DNEVNI UL.SOFT TOUCH ALOE 20/1","03080200","Dnevni ulošci","VIOLETA","6111.15","0000078"
"301934","FERR.COLLECTION T15*6 ","01020302","bombonjere velika pak.","FERRERO","16132.10","0000020"
"301935","FERR.KINDER ČOKOLADA PROMO T12","01020100","Čokolada","FERRERO","33131.04","0000020"
"302592","VIOL.BABY VL.MARAM.64/1 SENSITIVE","04030300","Dječije vlažne maramice ","VIOLETA","1.50","0000078"
"302701","VIOL.BABY VL.MARAM.20/1 ALOEVERA","04030300","Dječije vlažne maramice ","VIOLETA","14737.81","0000078"
"304191","FERR.KINDER FIGURE MW 75*144","01020205","Čokolade sezonske","FERRERO","105.08","0000020"
"304497","VIOL.PAP.RUČNICI 2/1 CHEESECAKE LEMON","06040100","Papirni ručnici (1sl,2sl)","Violeta-HR","10579.67","0001281"
"305015","FERR.RAFFAELLO T4*140 STELLINA","01020301","bombonjere bars","FERRERO","649.25","0000020"
"305209","VIOL.TOAL.PAPIR 3SL 20/1 BRESKVA (3859892288648)","06010200","Toaletni papir (3sl,4sl)","Violeta-HR","-19.29","0001281"
"305905","DR.OET.UKRASNI CVJETIĆI 3G","01021100","SASTAVCI ZA KOLAČE","dr.oetker","464.72","0001064"
"305906","DR.OET.MIX ZVJEZDICE 10G ","01021100","SASTAVCI ZA KOLAČE","dr.oetker","912.02","0001064"
"305909","DR.OET.7 ŽITARICA VOĆNI MUSLI 700 G","01080000","Žitarice za doručak","dr.oetker","1100.40","0001064"
"305911","DR.OET.7 ŽITARICA INTEGR MUSLI 700G","01080000","Žitarice za doručak","dr.oetker","256.90","0001064"
"306270","HIGI BABY VL.MARAMICE 72/1 KAMILICA","04030300","Dječije vlažne maramice ","HIGI","3460.17","0000032"
"306272","HIGI BABY VL. MARAMICE  54/1 NEVEN","04030300","Dječije vlažne maramice ","HIGI","8153.95","0000032"
"306296","VIOL.BABY VL.MARAMICE SENSITIVE 64/1","04030300","Dječije vlažne maramice ","VIOLETA","24056.72","0000078"
"307763","HOL.DIMLJENI SIR 200GR ","01010604","sir polutvrdi","FRICO","2399.16","0000025"
"308087","MB GRANCEREALE 18*250 DIGESTIVE","01130000","dijetno","Grancereale","2093.22","0001446"
"308311","PIK ŠUNKA ZA PICU 3600 G ","01040200","POLUTRAJNO MESO","PIK","13232.37","0000060"
"308835","PIK PANONA SALAMA MINI 350","01040401","meso trajno-salame","PIK","4345.88","0000060"
"309307","VIOL.TOAL.VLAŽNI PAPIR 60/1 KIDS","06060000","Vlažni toaletni papir","VIOLETA","6093.08","0000078"
"309442","HIGI BABY VL.MARAMICE 2+1 GRATIS","04030300","Dječije vlažne maramice ","HIGI","18922.29","0000032"
"311415","VIOLETA HIGIJENSKI ULOŠCI COTTON LIGHT 10/1","03080100","Higijenski ulošci i tampo","VIOLETA","6624.06","0000078"
"311417","VIOLETA HIGIJENSKI ULOŠCI COTTON LIGHT  20/1","03080100","Higijenski ulošci i tampo","VIOLETA","13800.98","0000078"
"311419","VIOLETA HIGIJENSKI ULOŠCI COTTON NORMAL 10/1","03080100","Higijenski ulošci i tampo","VIOLETA","13101.61","0000078"
"311421","VIOLETA HIGIJENSKI ULOŠCI COTTON NORMAL 20/1","03080100","Higijenski ulošci i tampo","VIOLETA","40010.73","0000078"
"311424","VIOLETA HIGIJENSKI ULOŠCI CLASSIC NORMAL 10/1","03080100","Higijenski ulošci i tampo","VIOLETA","4135.61","0000078"
"311427","VIOLETA HIGIJENSKI ULOŠCI CLASSIC NORMAL 20/1","03080100","Higijenski ulošci i tampo","VIOLETA","9743.81","0000078"
"311430","VIOLETA HIGIJENSKI ULOŠCI CLASSIC SUPER PLUS 10/1","03080100","Higijenski ulošci i tampo","VIOLETA","4757.70","0000078"
"311432","VIOLETA HIGIJENSKI ULOŠCI CLASSIC SUPER PLUS 20/1","03080100","Higijenski ulošci i tampo","VIOLETA","23309.30","0000078"
"311434","VIOLETA HIGIJENSKI ULOŠCI COTTON SUPER PLUS 10/1","03080100","Higijenski ulošci i tampo","VIOLETA","19797.53","0000078"
"311437","VIOLETA HIGIJENSKI ULOŠCI COTTON SUPER PLUS 20/1","03080100","Higijenski ulošci i tampo","VIOLETA","95485.01","0000078"
"311439","VIOLETA HIGIJENSKI ULOŠCI CLASSIC NIGHT 14/1","03080100","Higijenski ulošci i tampo","VIOLETA","11380.78","0000078"
"311442","VIOLETA HIGIJENSKI ULOŠCI COTTON NIGHT 14/1","03080100","Higijenski ulošci i tampo","VIOLETA","15284.16","0000078"
"312088","FERR.RAFFAELO T26*6 SUMMER","01020302","bombonjere velika pak.","FERRERO","189.64","0000020"
"312209","VIOL.BABY VL.MARAMICE 64 SENSITIVE 2+1 GRATIS","04030300","Dječije vlažne maramice ","VIOLETA","32399.96","0000078"
"312210","VIOL.BABY VL.MARAMICE 56 BADEM 2+1 GRATIS","04030300","Dječije vlažne maramice ","VIOLETA","23331.25","0000078"
"313875","VIOL.TOAL.PAPIR HORECA 2SLOJNI 4/1","06010100","Toaletni papir (1sl,2sl)","Violeta-HR","228.06","0001281"
"314180","TETA VIOLETA DET. ZA SUĐE INT.ACT.FOAM 0,5L","05020102","Sredstva za ruč.pr. pos.","VIOLETA","-1.39","0000078"
"314184","TETA VIOLETA DET. ZA SUĐE CITRUS  FRESH 1L","05020102","Sredstva za ruč.pr. pos.","VIOLETA","-90.97","0000078"
"314187","TETA VIOLETA DET.ZA SUĐE INTENSE ACT.FOAM 1 L","05020102","Sredstva za ruč.pr. pos.","VIOLETA","-56.13","0000078"
"314518","VIOL.BABY VL.MARAM. 72/1 SOFT CARE 3+2 GRATIS","04030300","Dječije vlažne maramice ","VIOLETA","312.22","0000078"
"317277","TETA VIOLETA DETER. ZA RUBLJE UNIVERSAL GEL 1,5L","05010103","Tekući deterdženti za pra","VIOLETA","17963.13","0000078"
"317279","TETA VIOLETA DETER. ZA RUBLJE UNIVERSAL GEL 3L","05010103","Tekući deterdženti za pra","VIOLETA","10773.14","0000078"
"317281","TETA VIOLETA DETER. ZA RUBLJE COLOR GEL 1,5 L","05010103","Tekući deterdženti za pra","VIOLETA","27535.47","0000078"
"317283","TETA VIOLETA DETER. ZA RUBLJE COLOR GEL 3L","05010103","Tekući deterdženti za pra","VIOLETA","16525.20","0000078"
"317285","TETA VIOLETA DETER. ZA RUBLJE BLACK RENEW 1,5L","05010103","Tekući deterdženti za pra","VIOLETA","-79.39","0000078"
"317287","TETA VIOLETA OMEKŠIVAČ ORIGINAL 1,25L","05010200","Omekšivači za rublje","VIOLETA","21.95","0000078"
"317289","TETA VIOLETA OMEKŠIVAČ ORIGINAL 3L","05010200","Omekšivači za rublje","VIOLETA","35356.40","0000078"
"317291","TETA VIOLETA OMEKŠIVAČ LAGOON 1,25L","05010200","Omekšivači za rublje","VIOLETA","125.93","0000078"
"317293","TETA VIOLETA OMEKŠIVAČ LAGOON 3L","05010200","Omekšivači za rublje","VIOLETA","46535.60","0000078"
"317295","TETA VIOLETA OMEKŠIVAČ SUNSHINE 1,25L","05010200","Omekšivači za rublje","VIOLETA","-6.06","0000078"
"317297","TETA VIOLETA OMEKŠIVAČ SUNSHINE 3L","05010200","Omekšivači za rublje","VIOLETA","10560.99","0000078"
"317301","TETA VIOLETA OMEKŠIVAČ SENSITIVE 3L","05010200","Omekšivači za rublje","VIOLETA","4824.25","0000078"
"317845","TETA VIOLETA DETERDŽENT ZA RUBLJE BLACK 3L","05010103","Tekući deterdženti za pra","VIOLETA","-27.96","0000078"
"318358","VIOL.MARAMICE U KUTIJI 60/1 3 SL (3870128009172)","06030000","Papirne maramice","VIOLETA","-0.04","0000078"
"319792","VIOL.PAP.RUČNICI 3+1GRATIS TETA VIOLETA FA 3SL","06040200","Papirni ručnici (3sl,4sl)","VIOLETA","82430.55","0000078"
"320108","FERR.KINDER JAJA MAXI LEI .","01020205","Čokolade sezonske","FERRERO","5438.68","0000020"
"320180","VIOLETA BABY VL.MARAM. 56/1 BADEM 5-PACK","04030300","Dječije vlažne maramice ","VIOLETA","1754.13","0000078"
"321188","PAL.SIR CHEDDAR .","01010604","sir polutvrdi","PALADIN","6191.05","0000056"
"321189","PAL.SIR TRAPIST","01010604","sir polutvrdi","PALADIN","14270.69","0000056"
"321473","HIGI BABY VL.MARAMICE 72/1 PURE&SENSITIVE","04030300","Dječije vlažne maramice ","HIGI","25820.26","0000032"
"323507","PIK KULEN 1 KOM ","01040401","meso trajno-salame","PIK","995.75","0000060"
"323508","PIK SENDVIČ KOBASICA KG","01040200","POLUTRAJNO MESO","PIK","22144.39","0000060"
"323509","BELJE BARANJSKA DOM. KOBASICA 250G","01040401","meso trajno-salame","PIK","328.25","0000060"
"323596","PAL.SIR TILSIT KG","01010604","sir polutvrdi","PALADIN","22823.60","0000056"
"323726","FERR.ČOKOLADA YOGURETTE 100 8*10","01020100","Čokolada","FERRERO","10403.30","0000020"
"324203","VIOL.BRISAČ TETA VIOLETA 4/1 SUPERSOFT","06040100","Papirni ručnici (1sl,2sl)","VIOLETA","29644.16","0000078"
"324205","VIOL.BRISAČ TETA VIOLETA 2/1 SUPERSOFT","06040100","Papirni ručnici (1sl,2sl)","VIOLETA","31512.01","0000078"
"324250","TRENT.ULJE EXTRA DJEV.LIMENKA 0,75","01100102","Specijalna jestiva ulja","TRENTON","2485.05","0000075"
"324412","TETA VIOLETA KUTIJA STALAK ZA RUČNIK +BRISAČ 1/1","06040200","Papirni ručnici (3sl,4sl)","Violeta-HR","4.62","0001281"
"324894","KEKS SAVOIARDI 200*20","01020504","ostali keksi","BONOMI","3120.64","0000007"
"325222","FERR.KINDER BUENO DARK","01020202","čokoladice-impuls","FERRERO","315.20","0000020"
"327965","PIK HAMBURGER 330G","01040402","MESO TRAJNO-PRŠUT,PEČENIC","PIK","7792.36","0000060"
"328662","EVIAN 0,33L PLA BOCA","02030101","Negazirana voda u bocama","EVIAN","121.88","0000017"
"329095","DR.OET.DEKOR ZLATNE PERLE 10GR","01021100","SASTAVCI ZA KOLAČE","dr.oetker","180.42","0001064"
"329098","DR.OET.SODA BIKARBONA 50GR","01021100","SASTAVCI ZA KOLAČE","dr.oetker","40.39","0001064"
"329099","DR.OET.ŽELETINA MLJEVENA GOVEĐA 10g","01021100","SASTAVCI ZA KOLAČE","dr.oetker","1240.42","0001064"
"329101","DR.OET.GUSTIN 400GR XXL","01021100","SASTAVCI ZA KOLAČE","dr.oetker","1309.17","0001064"
"330685","DR.OET.ŽELATINA SVIJETLA 3X10gr","01021100","SASTAVCI ZA KOLAČE","dr.oetker","8301.34","0001064"
"331296","TETA VIOLETA DET. ZA SUĐE GREEN APPLE 1L","05020102","Sredstva za ruč.pr. pos.","VIOLETA","-26.58","0000078"
"331477","VIOL.PELENE DOUBLE CARE AIR DRY 24(1NEWBORN 2-5KG)","04020100","Pelene za djecu","Violeta Double Care","1979.46","0001500"
"331479","VIOL.PELENE DOUBLE CARE AIR DRY 24(2 MINI 3-6KG)","04020100","Pelene za djecu","Violeta Double Care","3854.18","0001500"
"331481","VIOL.PELENE DOUBLE CARE AIR DRY 22(3 MIDI 4-9KG)","04020100","Pelene za djecu","Violeta Double Care","5172.39","0001500"
"331483","VIOL.PELENE DOUBLE CARE AIR DRY 20(4 MAXI 7-18KG)","04020100","Pelene za djecu","Violeta Double Care","14274.32","0001500"
"331484","VIOL.PELENE DOUBLE CARE AIR DRY 16(5 JUNIOR 11-25)","04020100","Pelene za djecu","Violeta Double Care","24410.25","0001500"
"331487","VIOL.PELENE DOUBLE CARE AIR D. 44(1NEWBORN 2-5KG)+","04020100","Pelene za djecu","Violeta Double Care","10796.29","0001500"
"331489","VIOL.PELENE DOUBLE CARE AIR DRY 76(2 MINI 3-6KG)+","04020100","Pelene za djecu","Violeta Double Care","18036.05","0001500"
"331490","VIOL.PELENE DOUBLE CARE AIR DRY 64(2 MINI 3-6KG)+","04020100","Pelene za djecu","Violeta Double Care","6660.02","0001500"
"331491","VIOL.PELENE DOUBLE CARE AIR DRY 66(3 MIDI 4-9KG)+","04020100","Pelene za djecu","Violeta Double Care","41400.38","0001500"
"331492","VIOL.PELENE DOUBLE CARE AIR DRY 52(3 MIDI 4-9KG)+","04020100","Pelene za djecu","Violeta Double Care","9588.16","0001500"
"331494","VIOL.PELENE DOUBLE CARE AIR DRY 44(MAXI 7-18KG)+","04020100","Pelene za djecu","Violeta Double Care","7571.27","0001500"
"331495","VIOL.PELENE DOUBLE CARE AIR DRY 60(4MAXI 7-18KG)+","04020100","Pelene za djecu","Violeta Double Care","144372.30","0001500"
"331496","VIOL.PELENE DOUBLE CARE AIR DRY 74(MAXI 7-18KG)+","04020100","Pelene za djecu","Violeta Double Care","13279.45","0001500"
"331497","VIOL.PELENE DOUBLE CARE AIR DRY 56(4MAXI PLUS VEL)","04020100","Pelene za djecu","Violeta Double Care","52350.51","0001500"
"331498","VIOL.PELENE DOUBLE CARE AIR DRY 36(5JUNIOR 11-25)+","04020100","Pelene za djecu","Violeta Double Care","8333.00","0001500"
"331500","VIOL.PELENE DOUBLE CARE AIR DRY 52(5JUNIOR 11-25)+","04020100","Pelene za djecu","Violeta Double Care","249626.27","0001500"
"331502","VIOL.PELENE DOUBLE CARE AIR DRY 62(JUNIOR 11-25)+","04020100","Pelene za djecu","Violeta Double Care","14637.25","0001500"
"331509","VIOL.PELENE DOUBLE CARE AIR DRY 48(6 JUNIOR 16+KG)","04020100","Pelene za djecu","Violeta Double Care","144712.58","0001500"
"331673","PIK PIKNIK KOBASICA 450G","01040401","meso trajno-salame","PIK","8371.16","0000060"
"331684","BARIL.98 MAK.FUSILI 15*1000G","01070202","rezana tjestenina","BARILLA","5312.76","0000003"
"331685","BARIL.73 MAK.PENNE RIGATE 15*1000G","01070202","rezana tjestenina","BARILLA","4386.01","0000003"
"331708","MB GRANETTI INTEGRALI 16X280G","01100606","dvopek +tost","MULINO BIANCO","4836.56","0000051"
"331712","MB GRANETTI CLASSICI 16X280G","01100606","dvopek +tost","MULINO BIANCO","1791.94","0000051"
"331965","FAVORIT TIROLSKA KOBASICA 2,5KG ","01040200","POLUTRAJNO MESO","favorit","5360.39","0001240"
"331966","FAVORIT TIROLSKA KOBASICA 400G","01040200","POLUTRAJNO MESO","favorit","1544.00","0001240"
"332515","TETA VIOL. DET.ZA SUĐE 1L INTENS+BRISAČ SS  2/1","05020102","Sredstva za ruč.pr. pos.","VIOLETA","1.76","0000078"
"333098","FERR.KINDER COUNTRY T4","01020202","čokoladice-impuls","FERRERO","7059.51","0000020"
"333193","VIOL.FR.MARAMICE 15/1 KIDS","06050000","Vlažne maramice","VIOLETA","5957.76","0000078"
"333587","FERR.ROCHER T8X8","01020302","bombonjere velika pak.","FERRERO","-0.24","0000020"
"335122","VIOL.AKC.3870128007901COTTON LIGHT 20/1+TURPIJA","03080100","Higijenski ulošci i tampo","VIOLETA","26.19","0000078"
"335223","TETA VIOLETA DET. ZA SUĐE SENSITIVE 0,5L","05020102","Sredstva za ruč.pr. pos.","VIOLETA","-0.98","0000078"
"335478","TETA VIOLETA DET. ZA SUĐE SENSITIVE 1L","05020102","Sredstva za ruč.pr. pos.","VIOLETA","-17.78","0000078"
"337073","VIOT.TOAST SLICES 500G","01010604","sir polutvrdi","viotros","2269.80","0000300"
"337075","VIOT.SANDWICH SLICE 500G","01010604","sir polutvrdi","viotros","2013.27","0000300"
"337077","VIOT.FORMA TOAST 3KG","01010604","sir polutvrdi","viotros","11769.51","0000300"
"337079","VIOT.FORMA PIZZA 3KG","01010604","sir polutvrdi","viotros","23046.31","0000300"
"339000","TETA VIOLETA COLOR 1,5L+OMEK.ORGINAL 3L","05010103","Tekući deterdženti za pra","VIOLETA","-311.42","0000078"
"339002","TETA VIOLETA COLOR 1,5L+OMEK. LAGOON 3L","05010103","Tekući deterdženti za pra","VIOLETA","-402.92","0000078"
"340884","FERR.NUTELLA T600*6","01020900","Slatki kremni namazi","FERRERO","529.05","0000020"
"341200","VIOL.PELENE EXPO DC AIR DRY 48(6 JUNIOR 16+KG)","04020100","Pelene za djecu","Violeta Double Care","28.86","0001500"
"341213","BARIL.5 SPAGHETTI GLUTEN FREE 400*12","01070201","špageti","BARILLA","2822.04","0000003"
"341215","BARIL.98 FUSILLI GLUTEN FREE 400*14","01070202","rezana tjestenina","BARILLA","1542.60","0000003"
"341227","HIGI TEKUĆI SAPUN LAVANDER 500ML ","03030201","Tekući sapuni","HIGI","6896.00","0000032"
"341228","HIGI TEKUĆI SAPUN MILK AND HONEY 500ML","03030201","Tekući sapuni","HIGI","8160.09","0000032"
"341229","HIGI TEKUĆI SAPUN VANILLA AND COCONUT 500ML","03030201","Tekući sapuni","HIGI","6136.81","0000032"
"341230","HIGI TEKUĆI SAPUN YOGURT AND FOREST FRUITS 500ML","03030201","Tekući sapuni","HIGI","5811.85","0000032"
"341295","VIOL.SALVETE PROLJETNE  38X38, 2SL 40/1-DECOR","06020000","Papirne salvete","VIOLETA","-1.34","0000078"
"341304","VIOL.SALVETE PROLJETNE 38x38, 2SL,40/1-CAFFE","06020000","Papirne salvete","VIOLETA","-1.32","0000078"
"341305","VIOL.PAP.RUČNIK MEGA ROLL","06040100","Papirni ručnici (1sl,2sl)","VIOLETA","28125.61","0000078"
"341310","BELJE BARANJSKI KULEN 100G NAR","01040401","meso trajno-salame","PIK","-556.30","0000060"
"341350","PAL.SIR TRAPIST 200G","01010604","sir polutvrdi","PALADIN","2537.37","0000056"
"341351","PAL.SIR GOUDA 200G","01010604","sir polutvrdi","PALADIN","7712.76","0000056"
"341352","PAL.SIR EDAMER 200G","01010604","sir polutvrdi","PALADIN","7357.70","0000056"
"341355","PAL.SIR TRAPIST 400G","01010604","sir polutvrdi","PALADIN","1907.49","0000056"
"342220","VIOL.SALVETE PROLJETNE 38x38, 2SL,40/1-DONUT","06020000","Papirne salvete","VIOLETA","-1.32","0000078"
"343029","FERR.TIC-TAC CHERRY COLA T1*24X12 T37","01021002","dropsi","FERRERO","774.45","0000020"
"343031","FERR.TIC-TAC CHERRY COLA T100*24","01021002","dropsi","FERRERO","-3.21","0000020"
"344214","HIGI TEKUĆI SAPUN MILK&HONEY 5L","03030201","Tekući sapuni","HIGI","1114.39","0000032"
"344719","PIK MORTADELA 500G (BH)","01040200","POLUTRAJNO MESO","PIK","-13.96","0000060"
"345406","VIOL.TOAL.PAPIR 3SL 8+2 BRESKVA (BIH)","06010200","Toaletni papir (3sl,4sl)","VIOLETA","23945.11","0000078"
"345411","VIOL.TOAL.PAP.10/1 3SL LJUBIČICA","06010200","Toaletni papir (3sl,4sl)","VIOLETA","12969.20","0000078"
"345412","VIOL.TOAL.PAP.10/1 3SL BEZ BOJE I MIRISA","06010200","Toaletni papir (3sl,4sl)","VIOLETA","12938.07","0000078"
"345413","VIOL.TOAL.PAP. 16/1 3SL BEZ BOJE I MIRISA","06010200","Toaletni papir (3sl,4sl)","VIOLETA","114198.15","0000078"
"345414","VIOL.TOAL.PAP. 16/1 3SL LAVANDA ","06010200","Toaletni papir (3sl,4sl)","VIOLETA","66767.60","0000078"
"345480","PIK PIKO PARIZER 400 (2X)+GRATIS REZAČ","01040200","POLUTRAJNO MESO","PIK","-6.53","0000060"
"346312","VIOL.PELENE AIR DRY MIDI GIANT PACK 132 ","04020100","Pelene za djecu","Violeta Double Care","81.42","0001500"
"348439","TETA VIOLETA OMEKŠIVAČ SWEET IMPULSE 900 ML","05010200","Omekšivači za rublje","VIOLETA","156.37","0000078"
"348440","TETA VIOLETA OMEKŠIVAČ PURE LOVE 900ML","05010200","Omekšivači za rublje","VIOLETA","196.20","0000078"
"348514","VIOL.PEL.(3870128010307)AIR DRY 62(JUNIOR 11-2KG)+","04020100","Pelene za djecu","Violeta Double Care","157.23","0001500"
"350777","VIOL.AKC.(3870128010314)AIR DRY 48(6JUNIOR+ 16KG)+","04020100","Pelene za djecu","Violeta Double Care","47.66","0001500"
"350991","VIOL.PAP. RUČNIK LOVE 3/1 3SL","06040200","Papirni ručnici (3sl,4sl)","Violeta-HR","-4.93","0001281"
"351174","VICT.PARAD.KONC. T140*24","01100404","Sos paradajz","VICTORIA","33.94","0000076"
"351188","VICT.GRAH CRVENI 400G*24","01120202","konzervirano povrće","VICTORIA","117.52","0000076"
"351484","FERR.TIC-TAC APPLE MIX T37 T1*24*12 ","01021002","dropsi","FERRERO","13813.57","0000020"
"351485","FERR.TIC TAC APPLE MIX T100*24","01021002","dropsi","FERRERO","6221.57","0000020"
"352285","EVIAN 0,75 SPORT","02030101","Negazirana voda u bocama","EVIAN","924.10","0000017"
"352405","VIOL.MARAMICE COLOR 3SL 15/1 LIMITED EDITION","06030000","Papirne maramice","VIOLETA","6321.52","0000078"
"352406","VIOL.MARAMICE GLAMOUR 4SL 10/1 LIMITED EDITION","06030000","Papirne maramice","VIOLETA","2115.26","0000078"
"352642","VIOL.BABY VL.MARAM. 56/1 WATERCARE","04030300","Dječije vlažne maramice ","VIOLETA","36955.36","0000078"
"353256","TETA VIOLETA OMEKŠIVAČ ORIGINAL 2L","05010200","Omekšivači za rublje","VIOLETA","-94.70","0000078"
"353257","TETA VIOLETA OMEKŠIVAČ LAGOON 2L","05010200","Omekšivači za rublje","VIOLETA","-43.81","0000078"
"353258","TETA VIOLETA OMEKŠIVAČ SUNSHINE 2L","05010200","Omekšivači za rublje","VIOLETA","793.68","0000078"
"353259","TETA VIOLETA OMEKŠIVAČ SENSITIVE 2L","05010200","Omekšivači za rublje","VIOLETA","-74.45","0000078"
"353261","TETA VIOLETA OMEKŠIVAČ ORIGINAL 1L","05010200","Omekšivači za rublje","VIOLETA","17238.14","0000078"
"353262","TETA VIOLETA OMEKŠIVAČ LAGOON 1L","05010200","Omekšivači za rublje","VIOLETA","35516.61","0000078"
"353263","TETA VIOLETA OMEKŠIVAČ SUNSHINE 1L","05010200","Omekšivači za rublje","VIOLETA","6267.03","0000078"
"353264","TETA VIOLETA OMEKŠIVAČ SENSITIVE 1L","05010200","Omekšivači za rublje","VIOLETA","4045.66","0000078"
"353391","VIOL.HIG.UL. KANTARION SUPER+ 18/1 ","03080100","Higijenski ulošci i tampo","VIOLETA","16989.66","0000078"
"353392","VIOL.HIG.UL. KANTARION NORMAL 18/1","03080100","Higijenski ulošci i tampo","VIOLETA","9424.68","0000078"
"353393","TETA VIOLETA STAKLOSJAJ FRESH TIRKIZ 750ML","05020400","Sredstva za staklene površine","VIOLETA","14458.97","0000078"
"353394","TETA VIOLETA STAKLOSJAJ TRADITIONAL ALKOHOL+OCAT","05020400","Sredstva za staklene površine","VIOLETA","5711.37","0000078"
"353395","TETA VIOLETA STAKLOSJAJ UNIVERSAL PLAVI 750ML","05020400","Sredstva za staklene površine","VIOLETA","5523.91","0000078"
"353883","HIGI TEKUĆI SAPUN LAVANDER+MILK & HONEY 500ML 1+1","03030201","Tekući sapuni","HIGI","0.00","0000032"
"354015","FERR.TIC-TAC SIM T100*24 BUBBLE","01021002","dropsi","FERRERO","-0.89","0000020"
"354017","FERR.TIC-TAC SIM T100*24 BLUEBERRY","01021002","dropsi","FERRERO","-1.03","0000020"
"354018","FERR.TIC-TAC SIM T100*24 DONUT","01021002","dropsi","FERRERO","-0.56","0000020"
"354019","FERR. GOLDEN GALLERY T22X8","01020302","bombonjere velika pak.","FERRERO","-1186.59","0000020"
"354021","FERR.KINDER ADVENT CALENDAR T152X60","01020100","Čokolada","FERRERO","-26.22","0000020"
"354069","VIOLETA DET.ZA RUB.COLOR 3L+KOŠARA ZA RUB. GRATIS","05010103","Tekući deterdženti za pra","VIOLETA","-40.86","0000078"
"354518","VIOL.AKC(3870128010208)AIR DRY 2MINI 76/1+RUČNIK ","04020100","Pelene za djecu","Violeta Double Care","76.14","0001500"
"354523","VIOL.AKC(3870128010314)AIR DRY 6JUN.+ 48/1+RUČNIK","04020100","Pelene za djecu","Violeta Double Care","10.25","0001500"
"354932","VIOL.SALVETE 33*33 50/1 2SL CRVENE","06020000","Papirne salvete","VIOLETA","4113.46","0000078"
"355416","TRENT.KAPARI U OCTU 210G","01120203","kiseliš","TRENTON","45.44","0000075"
"355452","TRENT.FILETI SL.INĆUNA 1KL. U DJEV.MASL.ULJU 110G","01090000","konzerve","TRENTON","1381.28","0000075"
"355454","TRENT.OČIŠĆENI SLANI INĆUNI U DJEV.MASL.ULJU 212G","01090000","konzerve","TRENTON","1220.99","0000075"
"355455","TRENT.OČIŠĆENE SLANE SRDELE U MASL.ULJU 212G","01090000","konzerve","TRENTON","474.48","0000075"
"355457","TRENT.OČIŠĆENE SLANE SRDELE 370G","01090000","konzerve","TRENTON","713.84","0000075"
"355459","TRENT.BAKALAR NA BIJELO 165G","01090200","Paštete, drugi mesni i ri","TRENTON","1033.98","0000075"
"355462","TRENT. PAŠTETA OD DIMLJ. LOSOSA 165G","01090200","Paštete, drugi mesni i ri","TRENTON","1160.19","0000075"
"355701","VIOL.MARAMICE NARANČA & LAVANDA 10/1 4SL","06030000","Papirne maramice","VIOLETA","3239.52","0000078"
"356260","VICT. PASIRANA RAJČICA 10KG","01100404","Sos paradajz","VICTORIA","1221.07","0000076"
"356629","TETA VIOLETA OMEKŠIVAČ MEDITERRAN 4L","05010200","Omekšivači za rublje","VIOLETA","3268.90","0000078"
"356965","VIOL.AKC.(3870128010277)AIR DRY 56(4MAXI+ 9-20KG)+","04020100","Pelene za djecu","Violeta Double Care","340.42","0001500"
"357433","PIETRO CORICELLI MASLINOVO ULJE OD KOMINE 0,5L","01100102","Specijalna jestiva ulja","CIRIO","-44.55","0000875"
"357434","PIK ĆEBASA 320G VAK","01040300","Hrenovke i kobasice za ku","PIK","-172.20","0000060"
"357435","PIETRO CORICELLI EKS.DJEV.MASLINOVO ULJE 0,75L","01100102","Specijalna jestiva ulja","CIRIO","437.43","0000875"
"357935","FERR.RAFFAELLO T30*8 LATTA","01020302","bombonjere velika pak.","FERRERO","303.84","0000020"
"357937","FERR.KINDER JAJE T1X72 BEN 10","01020203","Čokoladna iznenađenja","FERRERO","31708.96","0000020"
"357938","FERR.TIC-TAC COLA-SIMPSONS T100","01021002","dropsi","FERRERO","-6.31","0000020"
"358226","TETA VIOLETA OMEKŠIVAČ SWEET IMPULSE 0,2L PROMO","05010200","Omekšivači za rublje","VIOLETA","149.02","0000078"
"358300","VIOL.MARAMICE SHEA BUTTER & COCO 10/1 4SL","06030000","Papirne maramice","VIOLETA","1458.36","0000078"
"358364","PIK KRANJSKA KOB. 300G","01040300","Hrenovke i kobasice za ku","PIK","16314.72","0000060"
"359077","TETA VIOLETA DET. ZA SUĐE ALOE VERA 0,5L","05020102","Sredstva za ruč.pr. pos.","VIOLETA","-12.35","0000078"
"359177","BRAŠNO PŠENIČNO T-550 1KG ČAKOVEČKI MLINOVI","01100601","brašno bijelo","Čakovečki mlini","1076.11","0001842"
"359178","BRAŠNO PŠENIČNO T-550 5KG ČAKOVEČKI MLINOVI","01100601","brašno bijelo","Čakovečki mlini","687.79","0001842"
"359179","BRAŠNO ZA KOLAČE T-400 1KG ČAKOVEČKI MLINOVI","01100601","brašno bijelo","Čakovečki mlini","934.90","0001842"
"359182","PŠENIČNO BRAŠNO T-550 25KG ČAKOVEČKI MLINOVI","01100601","brašno bijelo","Čakovečki mlini","53.36","0001842"
"359237","PIK PIKO S ABC SIROM 400G","01040200","POLUTRAJNO MESO","PIK","-21.67","0000060"
"359238","PIK PEČENA ŠUNKA VAK","01040200","POLUTRAJNO MESO","PIK","9991.87","0000060"
"359241","TETA VIOLETA DET. ZA SUĐE ALOE VERA 1L","05020102","Sredstva za ruč.pr. pos.","VIOLETA","-17.17","0000078"
"359668","TETA VIOLETA OMEKŠIVAČ PARADISE 1L","05010200","Omekšivači za rublje","VIOLETA","14183.82","0000078"
"359670","TETA VIOLETA OMEKŠIVAČ PARADISE 2L","05010200","Omekšivači za rublje","VIOLETA","-17.48","0000078"
"359750","FERR.NUTELLA T1000*6","01020900","Slatki kremni namazi","FERRERO","59079.33","0000020"
"359751","FERR.NUTELLA B-READY T 2*24","01020900","Slatki kremni namazi","FERRERO","24410.72","0000020"
"359757","FERR.NUTELLA B-READY T 6*8","01020900","Slatki kremni namazi","FERRERO","14635.23","0000020"
"360222","VIOL.AKC.(3870128010314)AIR DRY 48(6JUNIOR+ 16KG)+","04020100","Pelene za djecu","Violeta Double Care","47.66","0001500"
"360444","VIOL.AKC.(3870128010222)AIR DRY 66(3MIDI 4-9KG)+","04020100","Pelene za djecu","Violeta Double Care","119.31","0001500"
"362313","TETA VIOLETA OMEKŠIVAČ PURPLE SILK 4L","05010200","Omekšivači za rublje","VIOLETA","3479.78","0000078"
"362670","MB COUR DI LINO 8*400G","01100604","kruh","MULINO BIANCO","641.98","0000051"
"362671","MB PANCARRE INTEGRALE 18*315G","01100604","kruh","MULINO BIANCO","7202.08","0000051"
"362672","MB BUONGRANO INTEGRALE 12X350G","01020504","ostali keksi","MULINO BIANCO","691.32","0000051"
"362673","BARIL.73 PENNE RIGATE BIO 18*500G","01070202","rezana tjestenina","BARILLA","492.66","0000003"
"362674","BARIL.5 SPAGHETTI BIO 20*500G","01070201","špageti","BARILLA","158.48","0000003"
"363037","DR.OET.DEK ČOKOLADNA SRCA 47g","01021100","SASTAVCI ZA KOLAČE","dr.oetker","-3.41","0001064"
"363038","DR.OET.PUDING JAGODA 40GR","01021100","SASTAVCI ZA KOLAČE","dr.oetker","-13.93","0001064"
"363039","DR.OET.BOURBON VANILIJA ŠTAPIĆ 4GR","01021100","SASTAVCI ZA KOLAČE","dr.oetker","-30.76","0001064"
"363040","DR.OET.ČOKOLADNO PISMO 75GR","01021100","SASTAVCI ZA KOLAČE","dr.oetker","0.21","0001064"
"363170","MB GALLETTI 350*12 ","01020504","ostali keksi","MULINO BIANCO","1035.78","0000051"
"363529","TETA VIOLETA DETER. ZA RUBLJE COLOR GEL 4L","05010103","Tekući deterdženti za pra","VIOLETA","7447.24","0000078"
"363531","TETA VIOLETA DETER. ZA RUBLJE UNIVERSAL GEL 4L","05010103","Tekući deterdženti za pra","VIOLETA","6561.69","0000078"
"363586","DR.OET.GUSTIN GLUTEN FREE 80gr","01021100","SASTAVCI ZA KOLAČE","dr.oetker","72.06","0001064"
"363589","DR.OET.PUDING ZA KREMŠNITE 80g","01021100","SASTAVCI ZA KOLAČE","dr.oetker","1184.78","0001064"
"363595","DR.OET.PUDING ZA MAĐARICU 100g","01021100","SASTAVCI ZA KOLAČE","dr.oetker","597.64","0001064"
"363596","DR.OET.SPECIAL PUDING ZA JAFFA KOLAČ 100g","01021100","SASTAVCI ZA KOLAČE","dr.oetker","737.79","0001064"
"363597","DR.OET.PUDING ZA KOKOS KOCKE 80g","01021100","SASTAVCI ZA KOLAČE","dr.oetker","-402.86","0001064"
"363598","DR.OET.GLUTEN FREE PUDING S OKUSOM VANILIJE 38g","01021100","SASTAVCI ZA KOLAČE","dr.oetker","430.70","0001064"
"363599","DR.OET.GLUTEN FREE PUDING S OKUSOM ČOKOLADE 49g","01021100","SASTAVCI ZA KOLAČE","dr.oetker","517.36","0001064"
"363600","DR.OET.KAŠA S ČOKOLADOM 50g","01080000","Žitarice za doručak","dr.oetker","2495.97","0001064"
"363605","DR.OET.SUPER KAŠA S VANILIJOM I CHIA SJEMENKAMA 50","01080000","Žitarice za doručak","dr.oetker","2614.50","0001064"
"363608","DR.OET.KAŠA S MALINOM 50g","01080000","Žitarice za doručak","dr.oetker","1195.85","0001064"
"363659","MB TARALLUCCI 350G*12 .","01020504","ostali keksi","MULINO BIANCO","1153.15","0000051"
"363660","MB MACINE 350*12 .","01020504","ostali keksi","MULINO BIANCO","168.64","0000051"
"363688","PIK KUHANA ŠUNKA 350G","01040200","POLUTRAJNO MESO","PIK","1888.45","0000060"
"364355","TRENT.PASTA OD MASLINA 165G","01090200","Paštete, drugi mesni i ri","TRENTON","85.73","0000075"
"364356","TRENT.MEDITERANSKI NAMAZ MALI ŠKOJ 165G","01090200","Paštete, drugi mesni i ri","TRENTON","53.12","0000075"
"364913","TETA VIOLETA EXPO OMEKŠIVAČ PARADISE 1L","05010200","Omekšivači za rublje","VIOLETA","12.80","0000078"
"365666","FERR.TIC-TAC GUMS FRESH MINT T25","01021001","žvake","FERRERO","-1240.74","0000020"
"365667","FERR.TIC-TAC GUMS SPEARMINT T25","01021001","žvake","FERRERO","-4739.79","0000020"
"365668","FERR.TIC-TAC GUMS WATERMELON T25","01021001","žvake","FERRERO","10376.82","0000020"
"366008","VIOT.ADAMINO BLOCK 200 gr ","01010604","sir polutvrdi","viotros","603.19","0000300"
"366010","VIOT.PIZZIOZA BLOCK 200gr","01010604","sir polutvrdi","viotros","1037.97","0000300"
"366011","VIOT.COUNTRY HOUSE BLOCK 200gr","01010604","sir polutvrdi","viotros","618.58","0000300"
"366012","VIOT.DON FUMITO BLOCK 200gr","01010604","sir polutvrdi","viotros","977.91","0000300"
"366013","VIOT.ADAMINO SLICES 140gr","01010604","sir polutvrdi","viotros","1362.76","0000300"
"366014","VIOT.PIZZIOZA SLICES 140gr","01010604","sir polutvrdi","viotros","389.72","0000300"
"366017","VIOT.DON RIZZIANO GRATED POWDER 1000gr","01010604","sir polutvrdi","viotros","179.04","0000300"
"366063","FRICO SIR EDAMER 40% 15KG.","01010604","sir polutvrdi","FRICO","112025.58","0000025"
"366064","FRICO SIR GOUDA 48% 15KG ","01010604","sir polutvrdi","FRICO","24496.65","0000025"
"366092","VIOLETA DETER.ZA RUBLJE PROtect BLACK 0,9L","05010104","Tekući det.za rublje LDD","VIOLETA","3448.41","0000078"
"366093","VIOLETA DETER.ZA RUBLJE PROtect BLACK 2,7L","05010104","Tekući det.za rublje LDD","VIOLETA","2790.78","0000078"
"366094","VIOLETA DETER.ZA RUBLJE PROtect BLACK 3,96L","05010104","Tekući det.za rublje LDD","VIOLETA","2738.00","0000078"
"366095","VIOLETA DETER.ZA RUBLJE PROtect COLOR 0,9L","05010104","Tekući det.za rublje LDD","VIOLETA","3918.82","0000078"
"366096","VIOLETA DETER.ZA RUBLJE PROtect COLOR 2,7L","05010104","Tekući det.za rublje LDD","VIOLETA","19540.77","0000078"
"366097","VIOLETA DETER.ZA RUBLJE PROtect COLOR 3,96L","05010104","Tekući det.za rublje LDD","VIOLETA","7625.72","0000078"
"366098","VIOLETA DETER.ZA RUBLJE PROtect & REPAIR 0,9L","05010104","Tekući det.za rublje LDD","VIOLETA","2446.78","0000078"
"366099","VIOLETA DETER.ZA RUBLJE PROtect & REPAIR 2,7L","05010104","Tekući det.za rublje LDD","VIOLETA","4793.79","0000078"
"366100","VIOLETA DETER.ZA RUBLJE PROtect & REPAIR 3,96L","05010104","Tekući det.za rublje LDD","VIOLETA","3004.93","0000078"
"366101","TETA VIOLETA SREDSTVO ZA PODOVE PASSION FLOWER 1L","05020500","Sredstva za čišćenje podova","VIOLETA","5967.75","0000078"
"366103","TETA VIOLETA SREDSTVO ZA PODOVE OCEAN SPA 1L","05020500","Sredstva za čišćenje podova","VIOLETA","5566.36","0000078"
"366105","TETA VIOLETA SREDSTVO ZA PODOVE LUXURIOS PURPLE 1L","05020500","Sredstva za čišćenje podova","VIOLETA","4098.44","0000078"
"366108","FERR.KINDER FIGURA CAVA T75*12 LEI","01020205","Čokolade sezonske","FERRERO","-2.45","0000020"
"366111","TETA VIOLETA DET. ZA SUĐE INTENSE 1,5L","05020102","Sredstva za ruč.pr. pos.","VIOLETA","76.08","0000078"
"366112","TETA VIOLETA DET. ZA SUĐE CITRUS 1,5L","05020102","Sredstva za ruč.pr. pos.","VIOLETA","12.43","0000078"
"366454","VIOLETA HIGIJENSKI UL.COTTON LIGHT 20*2 MAXIPACK","03080100","Higijenski ulošci i tampo","VIOLETA","-5.18","0000078"
"366455","VIOLETA HIGIJENSKI UL.KANTARION NORM.18*2 MAXIPACK","03080100","Higijenski ulošci i tampo","VIOLETA","-25.92","0000078"
"366635","VIOL.AKC.(3870128010253)AIR DRY 60(4MAXI 7-18KG)+","04020100","Pelene za djecu","Violeta Double Care","834.58","0001500"
"366641","FERR.TIC-TAC DESPICABLE ME3","01021002","dropsi","FERRERO","-54.54","0000020"
"366724","ALTO VENTO PRŠUT","01040402","MESO TRAJNO-PRŠUT,PEČENIC","ALTO VENTO","80.06","0001864"
"367118","FERR.KINDER DELICE T1*20","01020701","rolati","FERRERO","28942.04","0000020"
"367119","FERR.KINDER JAJE MAXI K2,5*96 DESPICABLE ME 3","01020205","Čokolade sezonske","FERRERO","2432.50","0000020"
"367127","FERR.KINDER MIX G139*6","01020205","Čokolade sezonske","FERRERO","24.49","0000020"
"367129","FERR.NUTELLA & GO T1*24 PRETZEL","01020900","Slatki kremni namazi","FERRERO","-203.22","0000020"
"367673","ALTO VENTO PRŠUT DEL.","01040402","MESO TRAJNO-PRŠUT,PEČENIC","ALTO VENTO","17152.96","0001864"
"367674","ALTO VENTO PRŠUT-A KLASA","01040402","MESO TRAJNO-PRŠUT,PEČENIC","ALTO VENTO","9230.91","0001864"
"367675","ALTO VENTO PRŠUT-B KLASA","01040402","MESO TRAJNO-PRŠUT,PEČENIC","ALTO VENTO","1182.51","0001864"
"367719","TETA VIOLETA COLOR 1,5L + OMEKŠIVAČ PARADISE 1L","05010103","Tekući deterdženti za pra","VIOLETA","-242.05","0000078"
"367720","TETA VIOLETA COLOR 1.5L + OMEKŠIVAČ LAGOON 1L","05010103","Tekući deterdženti za pra","VIOLETA","-194.85","0000078"
"367724","TETA VIOLETA COLOR 1,5L + OMEKŠIVAČ ORIGINAL 1L","05010103","Tekući deterdženti za pra","VIOLETA","-100.78","0000078"
"367726","TETA VIOL.DET.ZA SUĐE 1L INTENSE+STAKLOSJAJ FRESH ","05020102","Sredstva za ruč.pr. pos.","VIOLETA","-6.53","0000078"
"367728","TETA VIOL.DET.ZA SUĐE 1L SENSITIV+STAKLOSJAJ FRESH","05020102","Sredstva za ruč.pr. pos.","VIOLETA","-6.82","0000078"
"368109","TRENT.MASLINE CRNE LIMENKA o.m.1600","01120204","masline","TRENTON","390.05","0000075"
"368319","VIOL.SALVETE 33*33 50/1 2SL TAMNOPLAVE","06020000","Papirne salvete","VIOLETA","959.24","0000078"
"368321","VIOL.SALVETE 33*33 50/1 2SL VANILIJA ","06020000","Papirne salvete","VIOLETA","1397.33","0000078"
"368323","VIOL.MARAMICE WE CARE 15/1 RACE FOR CURE","06030000","Papirne maramice","VIOLETA","-0.06","0000078"
"369114","TETA VIOLETA OMEKŠIVAČ SEA PEARLS 900ML","05010200","Omekšivači za rublje","VIOLETA","45.82","0000078"
"369116","TETA VIOLETA DET. ZA SUĐE S PUMPICOM LIMETA 450ML","05020102","Sredstva za ruč.pr. pos.","VIOLETA","893.85","0000078"
"369118","TETA VIOLETA DET.ZA SUĐE S PUMPICO TANGERINE 450ML","05020102","Sredstva za ruč.pr. pos.","VIOLETA","585.21","0000078"
"369474","VIOL.TOAL.VLAŽNI PAPIR 60/1 NEVEN DUO PACK ","06060000","Vlažni toaletni papir","VIOLETA","11011.11","0000078"
"369516","FERR.KINDER SCHOKO BONS 200*18","01020204","Čokoladni zalogaji","FERRERO","5.55","0000020"
"369962","TETA VIOLETA OMEK ORIGINAL 2L + OMEK. PARADISE 1L ","05010200","Omekšivači za rublje","VIOLETA","-2.27","0000078"
"370043","FERR.GRAND FERRERO ROCHER T1x90","01020302","bombonjere velika pak.","FERRERO","23.10","0000020"
"371555","VIOLETA HIG.UL. MAXIPACK COTTON SUPER+ 20*2 ","03080100","Higijenski ulošci i tampo","VIOLETA","-205.48","0000078"
"371556","VIOLETA HIG. UL.MAXIPACK COTTON NORMAL 20*2 ","03080100","Higijenski ulošci i tampo","VIOLETA","-222.69","0000078"
"371557","VIOLETA HIG. UL.MAXIPACK KANTAR.SUPER+ 18*2 ","03080100","Higijenski ulošci i tampo","VIOLETA","-82.96","0000078"
"371558","VIOLETA HIG.UL.MAXIPACK COTTON LIGHT 20*2 ","03080100","Higijenski ulošci i tampo","VIOLETA","-368.37","0000078"
"371559","VIOLETA HIG. UL.MAXIPACK KANTARION NORM.18*2 ","03080100","Higijenski ulošci i tampo","VIOLETA","-116.43","0000078"
"371560","VIOLETA HIG. UL.MAXIPACK COTTON NIGHT 14*2 ","03080100","Higijenski ulošci i tampo","VIOLETA","-198.85","0000078"
"371955","VIOL.BABY VL.MARAM. 72/1 SOFT CARE 3U1 DM-BIH","04030300","Dječije vlažne maramice ","VIOLETA","4267.79","0000078"
"372513","TAK.ŠEĆER UGOSTITELJSKI 800/1","01140100","šećer bijeli","tak","24.01","0000074"
"373452","TETA VIOLETA VODA ZA PEGLU","05020300","Univerzalna sredstva za č","VIOLETA","292.50","0000078"
"373529","FERR.TIC TAC T100*24 EXPRESS YOURSELF","01021002","dropsi","FERRERO","-312.40","0000020"
"373848","TETA VIOLETA OMEKŠIVAČ DUOPACK 2*2L(LAG.+ PAR.)","05010200","Omekšivači za rublje","VIOLETA","-5.96","0000078"
"373869","HOLLAND EDAMER 500G","01010604","sir polutvrdi","FRICO","9332.53","0000025"
"373872","HOLLAND GOUDA 500G","01010604","sir polutvrdi","FRICO","8294.48","0000025"
"373947","VICT.PIZZA SOS 4100G","01100404","Sos paradajz","VICTORIA","623.71","0000076"
"374220","BRAŠNO ZA TANKA TIJESTA T700 1KG ČAKOVEČKI MLINOVI","01100601","brašno bijelo","Čakovečki mlini","174.74","0001842"
"374221","KUKURUZNA KRUPICA 0,75KG ČAKOVEČKI MLINOVI ","01100602","brašno kukuruzno","Čakovečki mlini","-72.19","0001842"
"374222","JEČMENA KAŠA 0,5KG ČAKOVEČKI MLINOVI ","01100603","brašno raževo","Čakovečki mlini","164.04","0001842"
"374223","HELJDA 0,5KG ČAKOVEČKI MLINOVI ","01100603","brašno raževo","Čakovečki mlini","1128.24","0001842"
"374595","VIOL.PELENE DOUBLE CARE AIR DRY 32 (6 JUNIOR+)","04020100","Pelene za djecu","Violeta Double Care","5952.49","0001500"
"375577","FERR.KINDER ČOKOLADA T12*24 EASTER","01020100","Čokolada","FERRERO","4437.09","0000020"
"375834","VIOL.AKC.COLOR 3L(3870128008687)+VOD.ZA PEG.GRATIS","05010103","Tekući deterdženti za pra","VIOLETA","71.48","0000078"
"375835","VIOL.AKC.UNIV.3L(3870128008649)+VOD.ZA PEG.GRATIS","05010103","Tekući deterdženti za pra","VIOLETA","36.89","0000078"
"376264","TRENT.MASLINE ZEL.5500G,OCIJ.NETTO 3000G","01120204","masline","TRENTON","710.80","0000075"
"376265","TRENT.MASLINE ZEL.OTKOŠTIĆENE 5300G,OCIJ.MASA 220G","01120204","masline","TRENTON","815.42","0000075"
"376867","VIOL.SALVETE SUPER SOFT 38*382SL SVIJETLO ROZA","06020000","Papirne salvete","VIOLETA","2294.98","0000078"
"376921","ALTO VENTO SVATOVSKI PRŠUT 1/2","01040402","MESO TRAJNO-PRŠUT,PEČENIC","ALTO VENTO","8440.77","0001864"
"377251","HORECA SLJEME ŠUNKA PIZZA 5300G","01040200","POLUTRAJNO MESO","PIK","4398.02","0000060"
"377671","ALTO VENTO HORECA PRŠUT 1/2","01040402","MESO TRAJNO-PRŠUT,PEČENIC","ALTO VENTO","9736.81","0001864"
"377937","VIOL.HIG.UL.NORMAL LIMITED EDITION ELFS 2X9","03080100","Higijenski ulošci i tampo","VIOLETA","0.00","0000078"
"378063","ŠUNKA U OVITKU SLJEME 2500 G","01040200","POLUTRAJNO MESO","PIK","13224.48","0000060"
"378563","BARIL.5 SPAGHETTI 5 CEREALI 400x20","01070201","špageti","BARILLA","765.88","0000003"
"378569","BARIL.73 PENNE 5 CEREALI 400x15","01070202","rezana tjestenina","BARILLA","277.04","0000003"
"378570","BARIL.MACCHERONI 500*15","01070202","rezana tjestenina","BARILLA","517.52","0000003"
"378638","TETA VIOLETA DET.ZA SUĐE INTENSE 450ML","05020102","Sredstva za ruč.pr. pos.","VIOLETA","8650.54","0000078"
"378640","TETA VIOLETA DET.ZA SUĐE INTENSE 900ML","05020102","Sredstva za ruč.pr. pos.","VIOLETA","6450.64","0000078"
"378642","TETA VIOLETA DET.ZA SUĐE CITRUS 450ML","05020102","Sredstva za ruč.pr. pos.","VIOLETA","7967.02","0000078"
"378643","TETA VIOLETA DET.ZA SUĐE CITRUS 900ML","05020102","Sredstva za ruč.pr. pos.","VIOLETA","4267.94","0000078"
"378644","TETA VIOLETA DET.ZA SUĐE APPLE 450ML","05020102","Sredstva za ruč.pr. pos.","VIOLETA","3945.47","0000078"
"378646","TETA VIOLETA DET.ZA SUĐE APPLE 900ML","05020102","Sredstva za ruč.pr. pos.","VIOLETA","3242.40","0000078"
"378647","TETA VIOLETA DET.ZA SUĐE ALOE VERA 450ML","05020102","Sredstva za ruč.pr. pos.","VIOLETA","2918.31","0000078"
"378650","TETA VIOLETA DET.ZA SUĐE ALOE VERA 900ML","05020102","Sredstva za ruč.pr. pos.","VIOLETA","2652.74","0000078"
"378652","TETA VIOLETA DET.ZA SUĐE SENSITIVE 450ML","05020102","Sredstva za ruč.pr. pos.","VIOLETA","3991.20","0000078"
"378653","TETA VIOLETA DET.ZA SUĐE SENSITIVE 900ML","05020102","Sredstva za ruč.pr. pos.","VIOLETA","5075.01","0000078"
"378659","VIOL.VL.MARAMICE MAKE-UP MICELLAR 25/1","06050000","Vlažne maramice","VIOLETA","2231.55","0000078"
"378777","HIGI PROFESSIONAL TOALETNI PAP.U LISTIĆIMA 30x200","06010100","Toaletni papir (1sl,2sl)","HIGI","12974.81","0000032"
"378778","HIGI PROFESSIONAL PAPIR ZA RUKE U LISTIĆIMA 15x200","06040100","Papirni ručnici (1sl,2sl)","HIGI","23596.95","0000032"
"378782","PIK SUHA PEČENICA 1/2 VAK","01040402","MESO TRAJNO-PRŠUT,PEČENIC","PIK","15866.98","0000060"
"378797","HIGI PROFESSIONAL SALVETE 30x200","06020000","Papirne salvete","HIGI","319.08","0000032"
"379134","VIOL.MARAMICE U KUTIJI 60/1 3 SL BIH","06030000","Papirne maramice","VIOLETA","9993.62","0000078"
"379237","TETA VIOLETA DET.ZA SUĐE CITRUS 1,45L","05020102","Sredstva za ruč.pr. pos.","VIOLETA","1593.85","0000078"
"379239","TETA VIOLETA DET.ZA SUĐE INTENSE 1,45L","05020102","Sredstva za ruč.pr. pos.","VIOLETA","1820.14","0000078"
"379421","FERR.NUTELLA B-READY T 10x16","01020900","Slatki kremni namazi","FERRERO","4325.13","0000020"
"380194","ALTO VENTO PANCETA CCA 350G","01040402","MESO TRAJNO-PRŠUT,PEČENIC","ALTO VENTO","13363.51","0001864"
"380255","ARBORIO RIŽA 5 KG","01070100","Riža","EURICO","1490.19","0000016"
"380636","TRENT.ULJE MASLINOVO 3L PET","01100102","Specijalna jestiva ulja","TRENTON","1443.23","0000075"
"381440","VIOL.DETERDŽENT ZA RUBLJE DOUBLE CARE 1L","05010103","Tekući deterdženti za pra","VIOLETA","4683.20","0000078"
"381441","VIOL.OMEKŠIVAČ DOUBLE CARE 900 ML","05010200","Omekšivači za rublje","VIOLETA","4480.29","0000078"
"381583","VIOL.AKC.STAKLOSJAJ FRESH TIRKIZ+BRISAČ EXPERT 1/1","05020400","Sredstva za staklene površine","VIOLETA","5077.79","0000078"
"382029","VIOL.VL.MARAMICE MAKE-UP S ARGANOVIM ULJEM 25/1","06050000","Vlažne maramice","VIOLETA","3343.84","0000078"
"382187","VIOLETA OMEKŠIVAČ DOUBLE CARE 0,2L PROMO","05010200","Omekšivači za rublje","VIOLETA","133.88","0000078"
"382188","VIOLETA DETER.ZA RUBLJE DOUBLE CARE 0,2L PROMO","05010103","Tekući deterdženti za pra","VIOLETA","148.20","0000078"
"382648","DOMAĆA SUHA PANCETA CCA 500G","01040402","MESO TRAJNO-PRŠUT,PEČENIC","ALTO VENTO","94.03","0001864"
"382691","PIK KULEN 330G					","01040401","meso trajno-salame","PIK","106.12","0000060"
"382929","VIOL.AKC.STAKLOSJAJ FRESH TIRKIZ 750ML+REFIL ","05020400","Sredstva za staklene površine","VIOLETA","2509.24","0000078"
"383341","VIOL.MARAMICE DESIGN PACK 20/1","06030000","Papirne maramice","VIOLETA","1814.82","0000078"
"383638","VIOL.SALVETE SPRING PINEAPPLE 40/1 38*38 2 sl","06020000","Papirne salvete","VIOLETA","2984.43","0000078"
"383639","VIOL.SALVETE SPRING BIRDS 40/1 38*38 2 sl","06020000","Papirne salvete","VIOLETA","3133.31","0000078"
"383644","FERR.KINDER LOVE G37X30","01020205","Čokolade sezonske","FERRERO","-5.76","0000020"
"383727","FERR.KINDER ČOKOLADA T8x160 MASK","01020205","Čokolade sezonske","FERRERO","-157.17","0000020"
"383838","PIK ČAJNA KOB 300G MA","01040401","meso trajno-salame","PIK","2433.34","0000060"
"383896","VIOLETA OMEKŠIVAČ ORIGINAL 1,9L","05010200","Omekšivači za rublje","VIOLETA","31795.30","0000078"
"383897","VIOLETA OMEKŠIVAČ LAGOON 1,9L","05010200","Omekšivači za rublje","VIOLETA","25697.11","0000078"
"383898","VIOLETA OMEKŠIVAČ SUNSHINE 1,9L","05010200","Omekšivači za rublje","VIOLETA","9167.39","0000078"
"383899","VIOLETA OMEKŠIVAČ SENSITIVE 1,9L","05010200","Omekšivači za rublje","VIOLETA","5546.86","0000078"
"383900","VIOLETA OMEKŠIVAČ PARADISE 1,9L","05010200","Omekšivači za rublje","VIOLETA","17317.33","0000078"
"383904","VIOL.PAP.RUČNICI 3+1 GRATIS ( 3870128009448 )","06040200","Papirni ručnici (3sl,4sl)","Violeta-HR","68.96","0001281"
"383954","VIOLETA DETER.ZA RUBLJE COLOR 0,2L PROMO ","05010104","Tekući det.za rublje LDD","VIOLETA","1270.84","0000078"
"384232","VIOL.PELENE DC AIR DRY 44 COTTON FEEL.(4M.7-18KG)","04020100","Pelene za djecu","Violeta Double Care","5853.29","0001500"
"384234","VIOL.PELENE DC AIR DRY 36 COTTON FEELING(5J.11-25)","04020100","Pelene za djecu","Violeta Double Care","5761.08","0001500"
"384235","VIOL.PELENE DC AIR DRY 32 COTTON FEELING(6 JUN.+)","04020100","Pelene za djecu","Violeta Double Care","4158.75","0001500"
"384243","TETA VIOLETA OMEKŠIVAČ PARADISE 3L","05010200","Omekšivači za rublje","VIOLETA","14310.51","0000078"
"384322","FERR.KINDER JAJE T4X16","01020203","Čokoladna iznenađenja","FERRERO","-31.60","0000020"
"384324","VIOLETA OMEKŠIVAČ SEA PEARLS 1,9L","05010200","Omekšivači za rublje","VIOLETA","2604.84","0000078"
"384328","VIOLETA OMEKŠIVAČ GOLD ROSE 1,9L","05010200","Omekšivači za rublje","VIOLETA","4141.93","0000078"
"384342","VIOL.BABY VL.MARAMICE WATER CARE 20/1","04030300","Dječije vlažne maramice ","VIOLETA","3271.45","0000078"
"385060","MB NASCONDINI 12x330G","01020504","ostali keksi","MULINO BIANCO","100.07","0000051"
"385064","MB CIOCCOGRANO 330GX12","01020504","ostali keksi","MULINO BIANCO","988.10","0000051"
"385122","PIK JEGER VRBOVEČKI 300G VAK","01040300","Hrenovke i kobasice za ku","PIK","591.10","0000060"
"385123","JEGER SLJEME 600 G","01040300","Hrenovke i kobasice za ku","PIK","409.39","0000060"
"385135","VIOL.AKC.DET.ZA SUĐE 900ML INTENSE+BRISAČ SS 2/1","05020102","Sredstva za ruč.pr. pos.","VIOLETA","-5.09","0000078"
"385222","VIOL.AKC.HIG.UL.COT.SUP+20/1+MAKE UP MICELAR 25/1","03080100","Higijenski ulošci i tampo","VIOLETA","0.00","0000078"
"385223","VIOLETA OMEKŠIVAČ PARADISE 0,2L PROMO","05010200","Omekšivači za rublje","VIOLETA","1084.22","0000078"
"385295","VIOL.AKC.(3870128010208)AIR DRY 76(2 MINI 3-6KG)+","04020100","Pelene za djecu","Violeta Double Care","49.40","0001500"
"385298","VIOL.AKC.(3870128010222)AIR DRY 66(3MIDI 4-9KG)+","04020100","Pelene za djecu","Violeta Double Care","49.40","0001500"
"385300","VIOL.AKC.(3870128010277)AIR DRY 56(4MAXI+ 9-20KG)+","04020100","Pelene za djecu","Violeta Double Care","47.66","0001500"
"385301","VIOL.AKC.(3870128010291)AIR DRY 52(5JUN. 11-25KG)+","04020100","Pelene za djecu","Violeta Double Care","10.25","0001500"
"385336","FERR.NUTELLA T3000x2","01020900","Slatki kremni namazi","FERRERO","20081.33","0000020"
"385353","FERR.FIESTA T1x20","01020701","rolati","FERRERO","444.65","0000020"
"385354","FERR.FIESTA T10x14","01020701","rolati","FERRERO","-719.81","0000020"
"385355","FERR.KINDER DELICE T4x6","01020701","rolati","FERRERO","4489.15","0000020"
"385358","FERR.DUPLO T2x24","01020202","čokoladice-impuls","FERRERO","15179.35","0000020"
"385359","FERR.DUPLO T5x24","01020202","čokoladice-impuls","FERRERO","9265.18","0000020"
"385367","FERR.KINDER MAXI T2x24","01020202","čokoladice-impuls","FERRERO","8806.14","0000020"
"385577","FERR.KINDER BUENO MINI BITES T20x18","01020202","čokoladice-impuls","FERRERO","22637.33","0000020"
"385596","FERR.KINDER SCHOKO BONS T46x12","01020204","Čokoladni zalogaji","FERRERO","19045.66","0000020"
"386615","DR.OET.80G ŠARENE MRVICE 80g","01021100","SASTAVCI ZA KOLAČE","dr.oetker","1856.23","0001064"
"386616","DR.OET.CRVENA BOJA ZA KOLAČE 10G","01021100","SASTAVCI ZA KOLAČE","dr.oetker","1437.63","0001064"
"386618","DR.OET.PLAVA BOJA ZA KOLAČE 10G","01021100","SASTAVCI ZA KOLAČE","dr.oetker","1194.83","0001064"
"386619","DR.OET.ŽUTA BOJA ZA KOLAČE 10G","01021100","SASTAVCI ZA KOLAČE","dr.oetker","469.12","0001064"
"386620","DR.OET.ZELENA BOJA ZA KOLAČE 10G","01021100","SASTAVCI ZA KOLAČE","dr.oetker","831.31","0001064"
"386621","DR.OET.CRNA BOJA ZA KOLAČE 10G","01021100","SASTAVCI ZA KOLAČE","dr.oetker","-145.56","0001064"
"386622","DR.OET.SVJEĆICE HAPPY BIRTHDAY 20G","01021100","SASTAVCI ZA KOLAČE","dr.oetker","7.29","0001064"
"386623","DR.OET.DEK.ROZA-LILA SRCA 10G","01021100","SASTAVCI ZA KOLAČE","dr.oetker","642.60","0001064"
"386624","DR.OET.DEK.ČOKO PERLE CRISPY 10G","01021100","SASTAVCI ZA KOLAČE","dr.oetker","148.14","0001064"
"386625","DR.OET.PUDING ČOKOLADA 49g","01021100","SASTAVCI ZA KOLAČE","dr.oetker","315.09","0001064"
"386626","DR.OET.MUFFINS 360G","01021100","SASTAVCI ZA KOLAČE","dr.oetker","1432.15","0001064"
"386627","DR.OET.ČOKOLADNI MUFFINS 360g","01021100","SASTAVCI ZA KOLAČE","dr.oetker","3579.05","0001064"
"386628","DR.OET.CRUNCHY PLUS DUPLA ČOKOLADA 300g","01080000","Žitarice za doručak","dr.oetker","6638.69","0001064"
"386629","DR.OET.CRUNCHY PLUS MED BADEM 300g","01080000","Žitarice za doručak","dr.oetker","8987.85","0001064"
"386706","VIOL.TOAL.PAPIR 3SL 20/1 BRESKVA - BiH","06010200","Toaletni papir (3sl,4sl)","VIOLETA","32728.63","0000078"
"386846","TRENT.ULJE MASLINOVO 5L PET","01100102","Specijalna jestiva ulja","TRENTON","250.49","0000075"
"386849","PIK ŠUNKARICA 2500G","01040200","POLUTRAJNO MESO","PIK","1748.79","0000060"
"387181","FERR.KINDER SCHOKO BONS T480x60","01020204","Čokoladni zalogaji","FERRERO","137.55","0000020"
"387183","FERR.KINDER MIX T128,5x60","01020205","Čokolade sezonske","FERRERO","-74.00","0000020"
"387194","FERR.KINDER FIGURA CAVA T36*31","01020205","Čokolade sezonske","FERRERO","1068.56","0000020"
"387195","FERR.KINDER MIX PELUCHE T133*8","01020205","Čokolade sezonske","FERRERO","6.21","0000020"
"387196","FERR.MON CHERRY T15*4*4","01020302","bombonjere velika pak.","FERRERO","-419.53","0000020"
"387294","FERR.KINDER LOVE T37*30 CHRISTMAS","01020205","Čokolade sezonske","FERRERO","-2.18","0000020"
"389073","VIOL.AKC.BABY.MARAM.20/1 ALOEVERA 1+1 GRATIS","04030300","Dječije vlažne maramice ","VIOLETA","10.08","0000078"
"389932","DR.OET.PRAŠAK ZA PECIVO 5+1 16/2 72g","01021100","SASTAVCI ZA KOLAČE","dr.oetker","10792.76","0001064"
"389937","DR.OET.VANILIN ŠEĆER 10g","01021100","SASTAVCI ZA KOLAČE","dr.oetker","876.93","0001064"
"389944","DR.OET.SODA BIKARBONA 20GR","01021100","SASTAVCI ZA KOLAČE","dr.oetker","292.11","0001064"
"389945","DR.OET.XXL VANILIN ŠEĆER 40g","","","dr.oetker","-1.24","0001064"
"389946","DR.OET.KVASAC INSTANT 7g","01100500","Sol i kvasac","dr.oetker","-12.44","0001064"
"389947","TETA VIOLETA DETER.ZA SUĐE DUOPACK 2*450ML","05020102","Sredstva za ruč.pr. pos.","VIOLETA","6305.44","0000078"
"389948","DR.OET.VANILIN ŠEĆER 5+1 8/1 60g","01021100","SASTAVCI ZA KOLAČE","dr.oetker","11534.99","0001064"
"389950","DR.OET.BOURBON VANILIN ŠEĆER 10g","01021100","SASTAVCI ZA KOLAČE","dr.oetker","541.26","0001064"
"389955","DR.OET.RUM ŠEĆER 10g","01021100","SASTAVCI ZA KOLAČE","dr.oetker","29.67","0001064"
"389961","DR.OET.LIMUN ŠEĆER 10g","01021100","SASTAVCI ZA KOLAČE","dr.oetker","127.84","0001064"
"389963","DR.OET.CIMET ŠEĆER 10g","01021100","SASTAVCI ZA KOLAČE","dr.oetker","183.36","0001064"
"389966","DR.OET.ŠLAG PJENA KLASIK 48g","01021100","SASTAVCI ZA KOLAČE","dr.oetker","-36.70","0001064"
"389967","DR.OET.ŠLAG KREMA - ČOKOLADA 60g","01021100","SASTAVCI ZA KOLAČE","dr.oetker","5309.83","0001064"
"389969","DR.OET.GARANT ZA DIZANO TIJESTO 32g","01100500","Sol i kvasac","dr.oetker","942.16","0001064"
"389970","DR.OET.ŠLAG KREMA - VANILIJA 45g","01021100","SASTAVCI ZA KOLAČE","dr.oetker","8225.70","0001064"
"389971","DR.OET.ŠLAG KREMA - JAGODA 60g","01021100","SASTAVCI ZA KOLAČE","dr.oetker","2195.45","0001064"
"389985","DR.OET.FINESSE -BOURBON VANILIJA 12g","01021100","SASTAVCI ZA KOLAČE","dr.oetker","319.69","0001064"
"389996","DR.OET.80G KAKAO MRVICE 80g","01021100","SASTAVCI ZA KOLAČE","dr.oetker","2010.23","0001064"
"390004","DR.OET.ŽELE ZA KOLAČE I DESERTE JAGODA 20g","01021100","SASTAVCI ZA KOLAČE","dr.oetker","-452.57","0001064"
"390010","DR.OET.KREMA ZA KREMŠNITE 230g","01021100","SASTAVCI ZA KOLAČE","dr.oetker","1437.88","0001064"
"390012","DR.OET.PARFE KREMA 180g","01021100","SASTAVCI ZA KOLAČE","dr.oetker","413.93","0001064"
"390059","DR.OET.DEK RIBANA TAMNA ČOKOLADA 100g","01021100","SASTAVCI ZA KOLAČE","dr.oetker","30.03","0001064"
"390060","DR.OET.FONDANT DEKOR CRVENI 100g","01021100","SASTAVCI ZA KOLAČE","dr.oetker","501.68","0001064"
"390087","DR.OET.FONDANT DEKOR ZELENI 100g","01021100","SASTAVCI ZA KOLAČE","dr.oetker","149.39","0001064"
"390088","DR.OET.FONDANT DEKOR BIJELI 100g","01021100","SASTAVCI ZA KOLAČE","dr.oetker","761.05","0001064"
"390093","DR.OET.DEK UKRASNE VIŠNJE CRVENE 50g","01021100","SASTAVCI ZA KOLAČE","dr.oetker","-5.27","0001064"
"390095","DR.OET.DEK SREBRENE PERLE SOFT 10g","01021100","SASTAVCI ZA KOLAČE","dr.oetker","1476.52","0001064"
"390103","DR.OET.DEK MIX PERLE SOFT 10g","01021100","SASTAVCI ZA KOLAČE","dr.oetker","625.95","0001064"
"390104","DR.OET.DEK KANDIRANA KORICA NARANČE 100g","01021100","SASTAVCI ZA KOLAČE","dr.oetker","-32.73","0001064"
"390111","DR.OET.DEK KANDIRANA KORICA LIMUNA 100g","01021100","SASTAVCI ZA KOLAČE","dr.oetker","-148.19","0001064"
"390220","DR.OET.DEK ROZA KRISTALIĆI 10g","01021100","SASTAVCI ZA KOLAČE","dr.oetker","614.03","0001064"
"390222","DR.OET.PRINCES KRAFNE 310g","01021100","SASTAVCI ZA KOLAČE","dr.oetker","1476.71","0001064"
"390226","DR.OET.LEDENI DESERT STRACCIATELLA 75g","01021100","SASTAVCI ZA KOLAČE","dr.oetker","-15.63","0001064"
"390228","DR.OET.LEDENI DESERT ČOKOLADA 95g","01021100","SASTAVCI ZA KOLAČE","dr.oetker","-10.96","0001064"
"390231","DR.OET.DEK MLJEVENI BADEMI 100g","01021100","SASTAVCI ZA KOLAČE","dr.oetker","-197.89","0001064"
"390233","DR.OET.PIKANT FIX ZA POVRĆE BLAGO LJUTI 100g","01100502","Ostali začini","dr.oetker","2.22","0001064"
"390234","DR.OET.PIKANT FIX ZA AJVAR 60g","01100502","Ostali začini","dr.oetker","-91.42","0001064"
"390235","DR.OET.VANILIN ŠEĆER 1KG 1000g","01021100","SASTAVCI ZA KOLAČE","dr.oetker","6.76","0001064"
"390237","DR.OET.PUDING VANILIJA 1KG 1000g","01021100","SASTAVCI ZA KOLAČE","dr.oetker","6.22","0001064"
"390238","DR.OET.PUDING SLATKO VRHNJE 40g","01021100","SASTAVCI ZA KOLAČE","dr.oetker","163.76","0001064"
"390239","DR.OET.PUDING SLATKO VRHNJE X3 120g","01021100","SASTAVCI ZA KOLAČE","dr.oetker","1177.55","0001064"
"390240","DR.OET.GUSTIN FOODSERVICE 3500g","01021100","SASTAVCI ZA KOLAČE","dr.oetker","12.48","0001064"
"390242","DR.OET.DEK BOŽIĆNA DRVCA 10g","01021100","SASTAVCI ZA KOLAČE","dr.oetker","5.80","0001064"
"390245","DR.OET.DŽEMFIX / GELFIX 2:1 ZA ŠLJIVE 25g","01021100","SASTAVCI ZA KOLAČE","dr.oetker","44.49","0001064"
"390248","DR.OET.GALETTA VANILIJA 85g","01021100","SASTAVCI ZA KOLAČE","dr.oetker","9247.41","0001064"
"390249","DR.OET.GALETTA ČOKOLADA 104g","01021100","SASTAVCI ZA KOLAČE","dr.oetker","2871.95","0001064"
"390250","DR.OET.TIRAMISU KREMA 96g","01021100","SASTAVCI ZA KOLAČE","dr.oetker","1305.52","0001064"
"390251","DR.OET.PANNA COTTA 124g","01021100","SASTAVCI ZA KOLAČE","dr.oetker","948.59","0001064"
"390252","DR.OET.PALACINKE 215g","01021100","SASTAVCI ZA KOLAČE","dr.oetker","1015.55","0001064"
"390253","DR.OET.BROWNIES 456g","01021100","SASTAVCI ZA KOLAČE","dr.oetker","1342.73","0001064"
"390256","DR.OET.MINI MUFFINS 250g","01021100","SASTAVCI ZA KOLAČE","dr.oetker","934.86","0001064"
"390257","DR.OET.RIŽA NA MLIJEKU KLASSIK 125g","01080000","Žitarice za doručak","dr.oetker","156.17","0001064"
"390258","DR.OET.RIŽA NA MLIJEKU VANILIJA 125g","01080000","Žitarice za doručak","dr.oetker","1185.09","0001064"
"390262","DR.OET.SUPER KAŠA JABUKA CIMET 50g","01080000","Žitarice za doručak","dr.oetker","734.88","0001064"
"390263","DR.OET.SUPER KAŠA BRUSNICA 50g","01080000","Žitarice za doručak","dr.oetker","948.56","0001064"
"390264","DR.OET.SUPER KAŠA MULTIPACK S ČOKLADOM 4X50G 200g","01080000","Žitarice za doručak","dr.oetker","489.00","0001064"
"390265","DR.OET.SUPER KAŠA MULTIPACK S  VANILIOM 4X50G 200g","01080000","Žitarice za doručak","dr.oetker","531.04","0001064"
"390267","DR.OET.CIOBAR-VRUĆA ČOKOLADA X5 125g","01010400","Instant čokoladni napici","dr.oetker","345.31","0001064"
"390270","DR.OET.ČOKOLADNI MÜSLI 375g","01080000","Žitarice za doručak","dr.oetker","2379.13","0001064"
"390271","DR.OET.PUDING BANANA 40g","01021100","SASTAVCI ZA KOLAČE","dr.oetker","-16.96","0001064"
"390273","DR.OET.MÜSLI TAMNA ČOKOLADA 375g","01080000","Žitarice za doručak","dr.oetker","45.78","0001064"
"390274","DR.OET.HRSKAVI JASTUČIĆI VANILIJA 300g","01080000","Žitarice za doručak","dr.oetker","-5.65","0001064"
"390279","DR.OET.CRUNCHY PLUS MULTI VOĆE 300g","01080000","Žitarice za doručak","dr.oetker","1766.78","0001064"
"390281","DR.OET.7 ŽITARICA ORAŠASTO I ŠUMSKO VOĆE MÜSLI 700","01080000","Žitarice za doručak","dr.oetker","985.44","0001064"
"390284","DR.OET.VITALIS ROASTED BRUSNICA 450g","01080000","Žitarice za doručak","dr.oetker","-86.07","0001064"
"390285","DR.OET.VITALIS ROASTED ČOKO-LJEŠNJAK 450g","01080000","Žitarice za doručak","dr.oetker","-5.74","0001064"
"390286","DR.OET.CRUNCHY START MÜSLI 325g","01080000","Žitarice za doručak","dr.oetker","805.64","0001064"
"390287","DR.OET.FRUIT MORNING MÜSLI 325g","01080000","Žitarice za doručak","dr.oetker","584.82","0001064"
"390288","DR.OET.CHOCO-BANANA PLEASURE 325g","01080000","Žitarice za doručak","dr.oetker","475.89","0001064"
"390290","DR.OET.KONZERVANS 8g","01100502","Ostali začini","dr.oetker","16.77","0001064"
"390291","DR.OET.VINOBRAN 10g","01100502","Ostali začini","dr.oetker","77.85","0001064"
"390294","VIOLETA OMEKŠIVAČ DUOPACK 2*1,9L(LAG.+ PAR.)","05010200","Omekšivači za rublje","VIOLETA","22723.56","0000078"
"390641","VIOLETA OMEKŠIVAČ DUOPACK 2*1,9L (ORIG. + PAR.)","05010200","Omekšivači za rublje","VIOLETA","26201.10","0000078"
"390917","TETA VIOLETA SRED.ZA POD PASSION F.3870128017238","05020500","Sredstva za čišćenje podova","VIOLETA","1679.32","0000078"
"390918","TETA VIOLETA SRED.ZA POD OCEAN 3870128017290","05020500","Sredstva za čišćenje podova","VIOLETA","883.40","0000078"
"390919","TETA VIOLETA SRED.ZA POD LUXURIS 3870128017320","05020500","Sredstva za čišćenje podova","VIOLETA","4835.54","0000078"
"390929","FERR.TIC TAC AROUND THE WORLD T100*24","01021002","dropsi","FERRERO","5765.32","0000020"
"391292","VIOLIFE SLICES ORIGINAL 140g","01010604","sir polutvrdi","viotros","83.79","0000300"
"391293","VIOT. SIRTAKI 300g","01010604","sir polutvrdi","viotros","196.04","0000300"
"391294","VIOLIFE CREAMY ORIGINAL 150g","01010602","Sir za mazanje, sirni i m","viotros","32.54","0000300"
"391295","VIOT.FETAKI 500g","01010605","sir feta","viotros","12.41","0000300"
"391296","VIOLIFE GREEK WHITE BLOCK 200g","01010604","sir polutvrdi","viotros","46.36","0000300"
"391297","VIOT.FORMA CASCAVAL 500g","01010604","sir polutvrdi","viotros","207.84","0000300"
"391322","DR.OET.DŽEMFIX 1:1X3 75G AKCIJA","01021100","SASTAVCI ZA KOLAČE","dr.oetker","-361.41","0001064"
"391323","DR.OET.DŽEMFIX 2:1X3 75G AKCIJA","01021100","SASTAVCI ZA KOLAČE","dr.oetker","-1484.67","0001064"
"391324","DR.OET.DŽEMFIX 3:1X3 75G AKCIJA","01021100","SASTAVCI ZA KOLAČE","dr.oetker","-60.43","0001064"
"391325","DR.OET.PUDING NOUGAT 80G","01021100","SASTAVCI ZA KOLAČE","dr.oetker","-559.15","0001064"
"391338","DR.OET.GLUTEN FREE PALAČINKE 250g","01021100","SASTAVCI ZA KOLAČE","dr.oetker","1015.24","0001064"
"391378","FERR.RAFFAELLO T8x20","01020302","bombonjere velika pak.","FERRERO","51.15","0000020"
"391386","FERR.DUPLO WHITE T1x40","01020202","čokoladice-impuls","FERRERO","6036.88","0000020"
"391391","FERR.KINDER ČOKOLADA T24x12","01020100","Čokolada","FERRERO","690.89","0000020"
"391392","FERR.KINDER DELICE T10x14","01020701","rolati","FERRERO","3203.18","0000020"
"391395","FERR.RAFFAELLO T14x72","01020302","bombonjere velika pak.","FERRERO","73.26","0000020"
"391455","PIK SELJAČKA ŠUNKA 500G MA NAR","01040402","MESO TRAJNO-PRŠUT,PEČENIC","PIK","3777.36","0000060"
"391456","PIK SUHA PEČENICA 500G MA NAR","01040402","MESO TRAJNO-PRŠUT,PEČENIC","PIK","2181.06","0000060"
"391458","PIK BUĐOLA 500G MA NAR","01040402","MESO TRAJNO-PRŠUT,PEČENIC","PIK","2294.31","0000060"
"391787","DR.OET.GLUTEN FREE MUFFINS","01021100","SASTAVCI ZA KOLAČE","dr.oetker","149.20","0001064"
"391793","DR.OET.CHOCO LAVA MUFFIN","01021100","SASTAVCI ZA KOLAČE","dr.oetker","879.73","0001064"
"391795","DR.OET.SUPER KAŠA PLUS S BRUSNICOM","01080000","Žitarice za doručak","dr.oetker","698.76","0001064"
"391797","DR.OET.SUPER KAŠA PLUS S TAMNOM ČOKOLADOM","01080000","Žitarice za doručak","dr.oetker","986.07","0001064"
"391798","DR.OET.SUPER KAŠA PLUS  QUINOA,RIŽA S MARELICOM","01080000","Žitarice za doručak","dr.oetker","603.84","0001064"
"391800","DR.OET.CHEESECAKE","01021100","SASTAVCI ZA KOLAČE","dr.oetker","537.94","0001064"
"391860","HIGI DET. ZA SUĐE TANGARINA 5L - HORECA","05020102","Sredstva za ruč.pr. pos.","HIGI","95.52","0000032"
"391884","HIGI STAKLOSJAJ FRESH 5L - HORECA","05020400","Sredstva za staklene površine","HIGI","55.14","0000032"
"392210","MREŽICE ZA PISOAR 2/1 HIGI","05030000","Osvježivači zraka","HIGI","299.75","0000032"
"392221","TRENT.BAKALAR NA BIJELO 80G","01090200","Paštete, drugi mesni i ri","TRENTON","90.08","0000075"
"392222","TRENT.RIBLJA PAŠTETA OD JADRANSKIH KOZICA 80","01090200","Paštete, drugi mesni i ri","TRENTON","244.13","0000075"
"392223","TRENT. PAŠTETA OD DIMLJ. LOSOSA 90G","01090200","Paštete, drugi mesni i ri","TRENTON","155.67","0000075"
"392659","FERR.NUTELLA B-READY T1x36","01020900","Slatki kremni namazi","FERRERO","46.88","0000020"
"393580","VIOL.AKC.HIG.UL.COTTON SUPER+20/1+VL.MAR.MICCELAR+","03080100","Higijenski ulošci i tampo","VIOLETA","220.86","0000078"
"393581","VIOL.AKC.HIG.UL.COTTON NORMAL20/1+VL.MAR.MICCELAR+","03080100","Higijenski ulošci i tampo","VIOLETA","220.86","0000078"
"393635","VIOL.VL.MARAMICE MAKE-UP S ARGANOVIM ULJEM 60/1","06050000","Vlažne maramice","VIOLETA","8583.23","0000078"
"393755","HIGI PROFESSIONAL PAPIR ZA RUKE U LIST.15x200-1SL","06040100","Papirni ručnici (1sl,2sl)","HIGI","140.78","0000032"
"394039","HIGI DET.SUĐE ALOA VERA 5l - HORECA","05020102","Sredstva za ruč.pr. pos.","HIGI","24.00","0000032"
"394042","FERR.RAFAELO RASPBERRY T15*6 ","01020302","bombonjere velika pak.","FERRERO","30659.49","0000020"
"394631","FERR.KINDER SCHOKO BONS CRISPY T16x8x2","01020204","Čokoladni zalogaji","FERRERO","17478.81","0000020"
"394632","FERR.HANUTA T2*18","01020202","čokoladice-impuls","FERRERO","12071.25","0000020"
"394634","FERR.KINDER HAPPY HIPPO CACAO T5x10","01020202","čokoladice-impuls","FERRERO","3115.17","0000020"
"395395","FERR.KINDER SCHOKO BONS WHITE T200*18","01020204","Čokoladni zalogaji","FERRERO","245.38","0000020"
